{ 
    "_id" : ObjectId("5b166f1db88e1e20cc61f2a9"), 
    "emp_id" : "XRD43678M", 
    "fname" : "Rosemary", 
    "minit" : "D", 
    "lname" : "Abbott", 
    "job_id" : NumberInt(7), 
    "job_lvl" : NumberInt(158), 
    "pub_id" : "8E18", 
    "hire_date" : ISODate("2007-10-05T01:40:02.840+0000")
}
{ 
    "_id" : ObjectId("5b166f1db88e1e20cc61f2aa"), 
    "emp_id" : "ZED96998M", 
    "fname" : "Trevor", 
    "minit" : " ", 
    "lname" : "Adkins", 
    "job_id" : NumberInt(14), 
    "job_lvl" : NumberInt(117), 
    "pub_id" : "HSQO", 
    "hire_date" : ISODate("2005-08-18T11:31:50.640+0000")
}
{ 
    "_id" : ObjectId("5b166f1db88e1e20cc61f2ab"), 
    "emp_id" : "CID47156M", 
    "fname" : "Elizabeth", 
    "minit" : " ", 
    "lname" : "Alexander", 
    "job_id" : NumberInt(2), 
    "job_lvl" : NumberInt(241), 
    "pub_id" : "19ZG", 
    "hire_date" : ISODate("2009-08-20T21:22:57.370+0000")
}
{ 
    "_id" : ObjectId("5b166f1db88e1e20cc61f2ac"), 
    "emp_id" : "MHN15222M", 
    "fname" : "Melody", 
    "minit" : "T", 
    "lname" : "Allison", 
    "job_id" : NumberInt(2), 
    "job_lvl" : NumberInt(101), 
    "pub_id" : "24EF", 
    "hire_date" : ISODate("2000-12-27T00:53:43.960+0000")
}
{ 
    "_id" : ObjectId("5b166f1db88e1e20cc61f2ad"), 
    "emp_id" : "TTM36087M", 
    "fname" : "Liza", 
    "minit" : " ", 
    "lname" : "Alvarez", 
    "job_id" : NumberInt(8), 
    "job_lvl" : NumberInt(188), 
    "pub_id" : "9EPD", 
    "hire_date" : ISODate("2003-02-17T01:46:36.380+0000")
}
{ 
    "_id" : ObjectId("5b166f1db88e1e20cc61f2ae"), 
    "emp_id" : "JRB27298M", 
    "fname" : "Brandy", 
    "minit" : " ", 
    "lname" : "Anderson", 
    "job_id" : NumberInt(5), 
    "job_lvl" : NumberInt(177), 
    "pub_id" : "58BS", 
    "hire_date" : ISODate("2003-07-30T07:03:20.070+0000")
}
{ 
    "_id" : ObjectId("5b166f1db88e1e20cc61f2af"), 
    "emp_id" : "XBN80475M", 
    "fname" : "Alana", 
    "minit" : "O", 
    "lname" : "Andrade", 
    "job_id" : NumberInt(4), 
    "job_lvl" : NumberInt(236), 
    "pub_id" : "3O2X", 
    "hire_date" : ISODate("2000-10-04T09:06:49.080+0000")
}
{ 
    "_id" : ObjectId("5b166f1db88e1e20cc61f2b0"), 
    "emp_id" : "CBI38824F", 
    "fname" : "Darrick", 
    "minit" : " ", 
    "lname" : "Anthony", 
    "job_id" : NumberInt(5), 
    "job_lvl" : NumberInt(236), 
    "pub_id" : "5VEZ", 
    "hire_date" : ISODate("2001-12-27T03:11:47.910+0000")
}
{ 
    "_id" : ObjectId("5b166f1db88e1e20cc61f2b1"), 
    "emp_id" : "CSY74718M", 
    "fname" : "Owen", 
    "minit" : "P", 
    "lname" : "Arnold", 
    "job_id" : NumberInt(13), 
    "job_lvl" : NumberInt(189), 
    "pub_id" : "FYGL", 
    "hire_date" : ISODate("2002-06-06T14:30:28.060+0000")
}
{ 
    "_id" : ObjectId("5b166f1db88e1e20cc61f2b2"), 
    "emp_id" : "OES74041F", 
    "fname" : "Dora", 
    "minit" : " ", 
    "lname" : "Atkins", 
    "job_id" : NumberInt(13), 
    "job_lvl" : NumberInt(217), 
    "pub_id" : "FIFZ", 
    "hire_date" : ISODate("1999-03-24T13:18:39.640+0000")
}
{ 
    "_id" : ObjectId("5b166f1db88e1e20cc61f2b3"), 
    "emp_id" : "KZA67597M", 
    "fname" : "Katherine", 
    "minit" : " ", 
    "lname" : "Atkins", 
    "job_id" : NumberInt(3), 
    "job_lvl" : NumberInt(75), 
    "pub_id" : "LGYM", 
    "hire_date" : ISODate("2012-07-29T01:32:05.740+0000")
}
{ 
    "_id" : ObjectId("5b166f1db88e1e20cc61f2b4"), 
    "emp_id" : "ATM59558M", 
    "fname" : "Allison", 
    "minit" : "Y", 
    "lname" : "Avery", 
    "job_id" : NumberInt(14), 
    "job_lvl" : NumberInt(208), 
    "pub_id" : "IKCQ", 
    "hire_date" : ISODate("2009-10-31T23:47:19.920+0000")
}
{ 
    "_id" : ObjectId("5b166f1db88e1e20cc61f2b5"), 
    "emp_id" : "ODB21560F", 
    "fname" : "Wayne", 
    "minit" : " ", 
    "lname" : "Ayers", 
    "job_id" : NumberInt(14), 
    "job_lvl" : NumberInt(144), 
    "pub_id" : "GNYV", 
    "hire_date" : ISODate("2002-10-17T02:42:21.320+0000")
}
{ 
    "_id" : ObjectId("5b166f1db88e1e20cc61f2b6"), 
    "emp_id" : "DON50650M", 
    "fname" : "Enrique", 
    "minit" : "H", 
    "lname" : "Baird", 
    "job_id" : NumberInt(1), 
    "job_lvl" : NumberInt(98), 
    "pub_id" : "11XT", 
    "hire_date" : ISODate("2010-07-22T08:03:48.070+0000")
}
{ 
    "_id" : ObjectId("5b166f1db88e1e20cc61f2b7"), 
    "emp_id" : "A-C27899F", 
    "fname" : "Lloyd", 
    "minit" : "W", 
    "lname" : "Ballard", 
    "job_id" : NumberInt(10), 
    "job_lvl" : NumberInt(222), 
    "pub_id" : "BZ66", 
    "hire_date" : ISODate("2001-07-07T05:47:01.770+0000")
}
{ 
    "_id" : ObjectId("5b166f1db88e1e20cc61f2b8"), 
    "emp_id" : "LLV22516F", 
    "fname" : "Esther", 
    "minit" : " ", 
    "lname" : "Barker", 
    "job_id" : NumberInt(5), 
    "job_lvl" : NumberInt(204), 
    "pub_id" : "4UM1", 
    "hire_date" : ISODate("2002-02-05T06:25:13.580+0000")
}
{ 
    "_id" : ObjectId("5b166f1db88e1e20cc61f2b9"), 
    "emp_id" : "QND30353F", 
    "fname" : "Tanisha", 
    "minit" : "V", 
    "lname" : "Barker", 
    "job_id" : NumberInt(14), 
    "job_lvl" : NumberInt(22), 
    "pub_id" : "I0Z2", 
    "hire_date" : ISODate("2010-09-15T23:56:14.440+0000")
}
{ 
    "_id" : ObjectId("5b166f1db88e1e20cc61f2ba"), 
    "emp_id" : "QHB95990F", 
    "fname" : "Alyssa", 
    "minit" : "U", 
    "lname" : "Barnett", 
    "job_id" : NumberInt(4), 
    "job_lvl" : NumberInt(144), 
    "pub_id" : "3JJ8", 
    "hire_date" : ISODate("2010-06-10T06:13:57.380+0000")
}
{ 
    "_id" : ObjectId("5b166f1db88e1e20cc61f2bb"), 
    "emp_id" : "BXM87435M", 
    "fname" : "Erica", 
    "minit" : " ", 
    "lname" : "Barnett", 
    "job_id" : NumberInt(12), 
    "job_lvl" : NumberInt(251), 
    "pub_id" : "F6AA", 
    "hire_date" : ISODate("2007-12-06T08:43:45.600+0000")
}
{ 
    "_id" : ObjectId("5b166f1db88e1e20cc61f2bc"), 
    "emp_id" : "FCU94458M", 
    "fname" : "Alfred", 
    "minit" : "P", 
    "lname" : "Barrera", 
    "job_id" : NumberInt(7), 
    "job_lvl" : NumberInt(70), 
    "pub_id" : "8JTJ", 
    "hire_date" : ISODate("2010-07-13T19:47:46.040+0000")
}
{ 
    "_id" : ObjectId("5b166f1db88e1e20cc61f2bd"), 
    "emp_id" : "KOU78329F", 
    "fname" : "Katrina", 
    "minit" : " ", 
    "lname" : "Bates", 
    "job_id" : NumberInt(13), 
    "job_lvl" : NumberInt(67), 
    "pub_id" : "FWMW", 
    "hire_date" : ISODate("2001-06-12T04:59:28.570+0000")
}
{ 
    "_id" : ObjectId("5b166f1db88e1e20cc61f2be"), 
    "emp_id" : "ENE46891M", 
    "fname" : "Bryce", 
    "minit" : " ", 
    "lname" : "Bauer", 
    "job_id" : NumberInt(4), 
    "job_lvl" : NumberInt(49), 
    "pub_id" : "LTYV", 
    "hire_date" : ISODate("2011-08-08T18:17:55.690+0000")
}
{ 
    "_id" : ObjectId("5b166f1db88e1e20cc61f2bf"), 
    "emp_id" : "DNP65206M", 
    "fname" : "Charlie", 
    "minit" : "D", 
    "lname" : "Benjamin", 
    "job_id" : NumberInt(12), 
    "job_lvl" : NumberInt(145), 
    "pub_id" : "ES0Q", 
    "hire_date" : ISODate("2002-02-08T07:09:04.250+0000")
}
{ 
    "_id" : ObjectId("5b166f1db88e1e20cc61f2c0"), 
    "emp_id" : "CPT89800F", 
    "fname" : "Clayton", 
    "minit" : " ", 
    "lname" : "Bennett", 
    "job_id" : NumberInt(14), 
    "job_lvl" : NumberInt(83), 
    "pub_id" : "I3MD", 
    "hire_date" : ISODate("2006-08-23T11:47:59.770+0000")
}
{ 
    "_id" : ObjectId("5b166f1db88e1e20cc61f2c1"), 
    "emp_id" : "NRQ55208F", 
    "fname" : "Dustin", 
    "minit" : "V", 
    "lname" : "Blackburn", 
    "job_id" : NumberInt(10), 
    "job_lvl" : NumberInt(117), 
    "pub_id" : "CEJN", 
    "hire_date" : ISODate("1999-06-01T13:50:26.940+0000")
}
{ 
    "_id" : ObjectId("5b166f1db88e1e20cc61f2c2"), 
    "emp_id" : "FLP43919M", 
    "fname" : "Jeannette", 
    "minit" : " ", 
    "lname" : "Boyle", 
    "job_id" : NumberInt(3), 
    "job_lvl" : NumberInt(193), 
    "pub_id" : "2SO0", 
    "hire_date" : ISODate("2008-08-26T17:24:59.080+0000")
}
{ 
    "_id" : ObjectId("5b166f1db88e1e20cc61f2c3"), 
    "emp_id" : "KXP92163M", 
    "fname" : "Lance", 
    "minit" : "A", 
    "lname" : "Brandt", 
    "job_id" : NumberInt(7), 
    "job_lvl" : null, 
    "pub_id" : "8U8Z", 
    "hire_date" : ISODate("2010-08-03T00:11:08.950+0000")
}
{ 
    "_id" : ObjectId("5b166f1db88e1e20cc61f2c4"), 
    "emp_id" : "BGR46956F", 
    "fname" : "James", 
    "minit" : "P", 
    "lname" : "Braun", 
    "job_id" : NumberInt(13), 
    "job_lvl" : NumberInt(144), 
    "pub_id" : "FJ7S", 
    "hire_date" : ISODate("2000-05-17T12:39:05.420+0000")
}
{ 
    "_id" : ObjectId("5b166f1db88e1e20cc61f2c5"), 
    "emp_id" : "MOO60277M", 
    "fname" : "Nathan", 
    "minit" : "Q", 
    "lname" : "Brennan", 
    "job_id" : NumberInt(1), 
    "job_lvl" : NumberInt(192), 
    "pub_id" : "13Y2", 
    "hire_date" : ISODate("2010-11-15T10:10:46.020+0000")
}
{ 
    "_id" : ObjectId("5b166f1db88e1e20cc61f2c6"), 
    "emp_id" : "QZT25843M", 
    "fname" : "Antonio", 
    "minit" : "C", 
    "lname" : "Brewer", 
    "job_id" : NumberInt(5), 
    "job_lvl" : NumberInt(217), 
    "pub_id" : "JXS4", 
    "hire_date" : ISODate("2004-04-27T22:34:00.980+0000")
}
{ 
    "_id" : ObjectId("5b166f1db88e1e20cc61f2c7"), 
    "emp_id" : "XQO31880F", 
    "fname" : "Audrey", 
    "minit" : "E", 
    "lname" : "Briggs", 
    "job_id" : NumberInt(13), 
    "job_lvl" : NumberInt(14), 
    "pub_id" : "G850", 
    "hire_date" : ISODate("2006-11-20T18:13:48.360+0000")
}
{ 
    "_id" : ObjectId("5b166f1db88e1e20cc61f2c8"), 
    "emp_id" : "YZC91014M", 
    "fname" : "Adrienne", 
    "minit" : "E", 
    "lname" : "Brown", 
    "job_id" : NumberInt(1), 
    "job_lvl" : NumberInt(202), 
    "pub_id" : "07I8", 
    "hire_date" : ISODate("2006-08-31T22:05:05.780+0000")
}
{ 
    "_id" : ObjectId("5b166f1db88e1e20cc61f2c9"), 
    "emp_id" : "SID93601F", 
    "fname" : "Jacob", 
    "minit" : " ", 
    "lname" : "Bryan", 
    "job_id" : NumberInt(12), 
    "job_lvl" : NumberInt(49), 
    "pub_id" : "DY7W", 
    "hire_date" : ISODate("2010-08-17T08:40:17.730+0000")
}
{ 
    "_id" : ObjectId("5b166f1db88e1e20cc61f2ca"), 
    "emp_id" : "DYP95044F", 
    "fname" : "Bruce", 
    "minit" : "T", 
    "lname" : "Bullock", 
    "job_id" : NumberInt(13), 
    "job_lvl" : NumberInt(40), 
    "pub_id" : "GAHC", 
    "hire_date" : ISODate("2006-11-17T03:30:59.200+0000")
}
{ 
    "_id" : ObjectId("5b166f1db88e1e20cc61f2cb"), 
    "emp_id" : "RON11234M", 
    "fname" : "Quincy", 
    "minit" : "O", 
    "lname" : "Burnett", 
    "job_id" : NumberInt(3), 
    "job_lvl" : NumberInt(182), 
    "pub_id" : "2AE3", 
    "hire_date" : ISODate("2011-08-11T16:22:00.850+0000")
}
{ 
    "_id" : ObjectId("5b166f1db88e1e20cc61f2cc"), 
    "emp_id" : "MJA37682F", 
    "fname" : "Willie", 
    "minit" : "F", 
    "lname" : "Byrd", 
    "job_id" : NumberInt(14), 
    "job_lvl" : NumberInt(8), 
    "pub_id" : "GS41", 
    "hire_date" : ISODate("2009-04-07T01:00:07.800+0000")
}
{ 
    "_id" : ObjectId("5b166f1db88e1e20cc61f2cd"), 
    "emp_id" : "MNB24138M", 
    "fname" : "Jami", 
    "minit" : " ", 
    "lname" : "Calhoun", 
    "job_id" : NumberInt(8), 
    "job_lvl" : NumberInt(122), 
    "pub_id" : "99SB", 
    "hire_date" : ISODate("2001-01-19T03:50:35.210+0000")
}
{ 
    "_id" : ObjectId("5b166f1db88e1e20cc61f2ce"), 
    "emp_id" : "RZQ38862F", 
    "fname" : "Antoine", 
    "minit" : " ", 
    "lname" : "Callahan", 
    "job_id" : NumberInt(8), 
    "job_lvl" : NumberInt(244), 
    "pub_id" : "KIPW", 
    "hire_date" : ISODate("2002-05-05T23:11:56.260+0000")
}
{ 
    "_id" : ObjectId("5b166f1db88e1e20cc61f2cf"), 
    "emp_id" : "RAI83373M", 
    "fname" : "Rodolfo", 
    "minit" : "O", 
    "lname" : "Callahan", 
    "job_id" : NumberInt(4), 
    "job_lvl" : NumberInt(143), 
    "pub_id" : "43HX", 
    "hire_date" : ISODate("2005-07-06T21:33:58.130+0000")
}
{ 
    "_id" : ObjectId("5b166f1db88e1e20cc61f2d0"), 
    "emp_id" : "WEI55774F", 
    "fname" : "Charity", 
    "minit" : " ", 
    "lname" : "Camacho", 
    "job_id" : NumberInt(1), 
    "job_lvl" : NumberInt(42), 
    "pub_id" : "0ZDV", 
    "hire_date" : ISODate("2008-07-18T17:57:15.130+0000")
}
{ 
    "_id" : ObjectId("5b166f1db88e1e20cc61f2d1"), 
    "emp_id" : "HHK28106M", 
    "fname" : "Dallas", 
    "minit" : " ", 
    "lname" : "Cameron", 
    "job_id" : NumberInt(8), 
    "job_lvl" : NumberInt(189), 
    "pub_id" : "A8QZ", 
    "hire_date" : ISODate("2011-07-23T19:34:32.600+0000")
}
{ 
    "_id" : ObjectId("5b166f1db88e1e20cc61f2d2"), 
    "emp_id" : "FIJ56201M", 
    "fname" : "Shad", 
    "minit" : "H", 
    "lname" : "Cameron", 
    "job_id" : NumberInt(9), 
    "job_lvl" : NumberInt(162), 
    "pub_id" : "AYE1", 
    "hire_date" : ISODate("2008-04-29T21:26:23.670+0000")
}
{ 
    "_id" : ObjectId("5b166f1db88e1e20cc61f2d3"), 
    "emp_id" : "SJS61594F", 
    "fname" : "Jenifer", 
    "minit" : "X", 
    "lname" : "Cantu", 
    "job_id" : NumberInt(12), 
    "job_lvl" : NumberInt(142), 
    "pub_id" : "F1A2", 
    "hire_date" : ISODate("2002-10-21T17:08:11.000+0000")
}
{ 
    "_id" : ObjectId("5b166f1db88e1e20cc61f2d4"), 
    "emp_id" : "QZA94885F", 
    "fname" : "Nicole", 
    "minit" : " ", 
    "lname" : "Carpenter", 
    "job_id" : NumberInt(2), 
    "job_lvl" : NumberInt(53), 
    "pub_id" : "1ED1", 
    "hire_date" : ISODate("2001-02-23T10:18:23.240+0000")
}
{ 
    "_id" : ObjectId("5b166f1db88e1e20cc61f2d5"), 
    "emp_id" : "DTB35110F", 
    "fname" : "Tammi", 
    "minit" : " ", 
    "lname" : "Carr", 
    "job_id" : NumberInt(4), 
    "job_lvl" : NumberInt(176), 
    "pub_id" : "456S", 
    "hire_date" : ISODate("2000-01-15T18:52:03.920+0000")
}
{ 
    "_id" : ObjectId("5b166f1db88e1e20cc61f2d6"), 
    "emp_id" : "ITH17961M", 
    "fname" : "Isabel", 
    "minit" : " ", 
    "lname" : "Case", 
    "job_id" : NumberInt(2), 
    "job_lvl" : NumberInt(10), 
    "pub_id" : "1ZYK", 
    "hire_date" : ISODate("2002-01-11T23:20:20.820+0000")
}
{ 
    "_id" : ObjectId("5b166f1db88e1e20cc61f2d7"), 
    "emp_id" : "EZK24718F", 
    "fname" : "Bryce", 
    "minit" : " ", 
    "lname" : "Castillo", 
    "job_id" : NumberInt(6), 
    "job_lvl" : NumberInt(127), 
    "pub_id" : "6IYJ", 
    "hire_date" : ISODate("2010-11-30T23:18:16.350+0000")
}
{ 
    "_id" : ObjectId("5b166f1db88e1e20cc61f2d8"), 
    "emp_id" : "RHY48137F", 
    "fname" : "Lisa", 
    "minit" : " ", 
    "lname" : "Castillo", 
    "job_id" : NumberInt(10), 
    "job_lvl" : NumberInt(25), 
    "pub_id" : "C9XE", 
    "hire_date" : ISODate("1998-12-21T12:46:44.720+0000")
}
{ 
    "_id" : ObjectId("5b166f1db88e1e20cc61f2d9"), 
    "emp_id" : "LNN98619F", 
    "fname" : "Evan", 
    "minit" : " ", 
    "lname" : "Chandler", 
    "job_id" : NumberInt(7), 
    "job_lvl" : NumberInt(19), 
    "pub_id" : "8NU7", 
    "hire_date" : ISODate("2009-07-13T05:44:28.050+0000")
}
{ 
    "_id" : ObjectId("5b166f1db88e1e20cc61f2da"), 
    "emp_id" : "LTP10557M", 
    "fname" : "Monica", 
    "minit" : "F", 
    "lname" : "Chandler", 
    "job_id" : NumberInt(1), 
    "job_lvl" : NumberInt(186), 
    "pub_id" : "MEIU", 
    "hire_date" : ISODate("1999-03-10T15:52:21.740+0000")
}
{ 
    "_id" : ObjectId("5b166f1db88e1e20cc61f2db"), 
    "emp_id" : "DSD50026F", 
    "fname" : "Derek", 
    "minit" : "P", 
    "lname" : "Chaney", 
    "job_id" : NumberInt(14), 
    "job_lvl" : NumberInt(132), 
    "pub_id" : "GRY6", 
    "hire_date" : ISODate("1998-10-30T20:41:03.470+0000")
}
{ 
    "_id" : ObjectId("5b166f1db88e1e20cc61f2dc"), 
    "emp_id" : "AKX33692F", 
    "fname" : "Walter", 
    "minit" : " ", 
    "lname" : "Chase", 
    "job_id" : NumberInt(4), 
    "job_lvl" : NumberInt(54), 
    "pub_id" : "4M34", 
    "hire_date" : ISODate("2010-04-03T18:10:27.660+0000")
}
{ 
    "_id" : ObjectId("5b166f1db88e1e20cc61f2dd"), 
    "emp_id" : "AWC41859F", 
    "fname" : "Jonathon", 
    "minit" : " ", 
    "lname" : "Cherry", 
    "job_id" : NumberInt(5), 
    "job_lvl" : NumberInt(26), 
    "pub_id" : "IL5W", 
    "hire_date" : ISODate("2002-04-13T23:32:32.530+0000")
}
{ 
    "_id" : ObjectId("5b166f1db88e1e20cc61f2de"), 
    "emp_id" : "DZI30692F", 
    "fname" : "Myra", 
    "minit" : "X", 
    "lname" : "Cline", 
    "job_id" : NumberInt(2), 
    "job_lvl" : NumberInt(231), 
    "pub_id" : "1FP9", 
    "hire_date" : ISODate("2000-09-02T01:47:20.290+0000")
}
{ 
    "_id" : ObjectId("5b166f1db88e1e20cc61f2df"), 
    "emp_id" : "WTZ90496F", 
    "fname" : "Lara", 
    "minit" : " ", 
    "lname" : "Cobb", 
    "job_id" : NumberInt(5), 
    "job_lvl" : NumberInt(63), 
    "pub_id" : "59C5", 
    "hire_date" : ISODate("1998-04-23T22:37:38.540+0000")
}
{ 
    "_id" : ObjectId("5b166f1db88e1e20cc61f2e0"), 
    "emp_id" : "BYM55770M", 
    "fname" : "Jake", 
    "minit" : "T", 
    "lname" : "Compton", 
    "job_id" : NumberInt(11), 
    "job_lvl" : NumberInt(157), 
    "pub_id" : "CVVA", 
    "hire_date" : ISODate("2002-11-10T00:47:00.310+0000")
}
{ 
    "_id" : ObjectId("5b166f1db88e1e20cc61f2e1"), 
    "emp_id" : "XAR48022F", 
    "fname" : "Connie", 
    "minit" : " ", 
    "lname" : "Cook", 
    "job_id" : NumberInt(8), 
    "job_lvl" : NumberInt(156), 
    "pub_id" : "9XL4", 
    "hire_date" : ISODate("2000-06-20T05:03:52.900+0000")
}
{ 
    "_id" : ObjectId("5b166f1db88e1e20cc61f2e2"), 
    "emp_id" : "Z-Q41572M", 
    "fname" : "Jonathan", 
    "minit" : "Q", 
    "lname" : "Cooley", 
    "job_id" : NumberInt(9), 
    "job_lvl" : NumberInt(227), 
    "pub_id" : "BE3U", 
    "hire_date" : ISODate("2009-12-01T10:02:01.720+0000")
}
{ 
    "_id" : ObjectId("5b166f1db88e1e20cc61f2e3"), 
    "emp_id" : "NXT59090M", 
    "fname" : "Paula", 
    "minit" : " ", 
    "lname" : "Cooper", 
    "job_id" : NumberInt(2), 
    "job_lvl" : NumberInt(193), 
    "pub_id" : "1GE6", 
    "hire_date" : ISODate("2004-09-03T11:32:34.530+0000")
}
{ 
    "_id" : ObjectId("5b166f1db88e1e20cc61f2e4"), 
    "emp_id" : "IFY12260M", 
    "fname" : "Shirley", 
    "minit" : "Z", 
    "lname" : "Cordova", 
    "job_id" : NumberInt(12), 
    "job_lvl" : NumberInt(154), 
    "pub_id" : "ET1C", 
    "hire_date" : ISODate("2002-07-21T18:09:31.600+0000")
}
{ 
    "_id" : ObjectId("5b166f1db88e1e20cc61f2e5"), 
    "emp_id" : "QCW14954M", 
    "fname" : "Ismael", 
    "minit" : " ", 
    "lname" : "Cortez", 
    "job_id" : NumberInt(8), 
    "job_lvl" : NumberInt(46), 
    "pub_id" : "9X7Y", 
    "hire_date" : ISODate("2012-12-12T21:51:00.480+0000")
}
{ 
    "_id" : ObjectId("5b166f1db88e1e20cc61f2e6"), 
    "emp_id" : "NPO32535M", 
    "fname" : "Lonnie", 
    "minit" : " ", 
    "lname" : "Cortez", 
    "job_id" : NumberInt(14), 
    "job_lvl" : NumberInt(182), 
    "pub_id" : "H7FE", 
    "hire_date" : ISODate("1998-11-24T15:11:32.240+0000")
}
{ 
    "_id" : ObjectId("5b166f1db88e1e20cc61f2e7"), 
    "emp_id" : "MPE23123F", 
    "fname" : "Marie", 
    "minit" : "G", 
    "lname" : "Cox", 
    "job_id" : NumberInt(10), 
    "job_lvl" : NumberInt(204), 
    "pub_id" : "BWLX", 
    "hire_date" : ISODate("2005-11-10T05:40:39.900+0000")
}
{ 
    "_id" : ObjectId("5b166f1db88e1e20cc61f2e8"), 
    "emp_id" : "UPI14534M", 
    "fname" : "Marisa", 
    "minit" : " ", 
    "lname" : "Cox", 
    "job_id" : NumberInt(1), 
    "job_lvl" : NumberInt(19), 
    "pub_id" : "134J", 
    "hire_date" : ISODate("1999-03-15T07:09:59.670+0000")
}
{ 
    "_id" : ObjectId("5b166f1db88e1e20cc61f2e9"), 
    "emp_id" : "JDY62997M", 
    "fname" : "Brandon", 
    "minit" : " ", 
    "lname" : "Crane", 
    "job_id" : NumberInt(13), 
    "job_lvl" : NumberInt(123), 
    "pub_id" : "G67X", 
    "hire_date" : ISODate("1999-10-21T23:06:51.730+0000")
}
{ 
    "_id" : ObjectId("5b166f1db88e1e20cc61f2ea"), 
    "emp_id" : "VYG53018M", 
    "fname" : "Robert", 
    "minit" : " ", 
    "lname" : "Cruz", 
    "job_id" : NumberInt(5), 
    "job_lvl" : NumberInt(21), 
    "pub_id" : "5D2Z", 
    "hire_date" : ISODate("1999-04-02T19:02:38.280+0000")
}
{ 
    "_id" : ObjectId("5b166f1db88e1e20cc61f2eb"), 
    "emp_id" : "GFN51842F", 
    "fname" : "Frankie", 
    "minit" : " ", 
    "lname" : "Cunningham", 
    "job_id" : NumberInt(10), 
    "job_lvl" : NumberInt(64), 
    "pub_id" : "C45K", 
    "hire_date" : ISODate("2002-08-08T17:54:31.560+0000")
}
{ 
    "_id" : ObjectId("5b166f1db88e1e20cc61f2ec"), 
    "emp_id" : "YOZ65462M", 
    "fname" : "Raymond", 
    "minit" : " ", 
    "lname" : "Curry", 
    "job_id" : NumberInt(12), 
    "job_lvl" : NumberInt(154), 
    "pub_id" : "E83A", 
    "hire_date" : ISODate("2009-12-28T10:56:36.470+0000")
}
{ 
    "_id" : ObjectId("5b166f1db88e1e20cc61f2ed"), 
    "emp_id" : "GFV27852M", 
    "fname" : "Shane", 
    "minit" : "N", 
    "lname" : "Davies", 
    "job_id" : NumberInt(12), 
    "job_lvl" : NumberInt(191), 
    "pub_id" : "DYIZ", 
    "hire_date" : ISODate("2005-08-24T19:58:26.070+0000")
}
{ 
    "_id" : ObjectId("5b166f1db88e1e20cc61f2ee"), 
    "emp_id" : "IQR35270F", 
    "fname" : "Barry", 
    "minit" : "E", 
    "lname" : "Davila", 
    "job_id" : NumberInt(1), 
    "job_lvl" : NumberInt(43), 
    "pub_id" : "0GWA", 
    "hire_date" : ISODate("2004-04-24T03:35:03.320+0000")
}
{ 
    "_id" : ObjectId("5b166f1db88e1e20cc61f2ef"), 
    "emp_id" : "HJR23335F", 
    "fname" : "Clifton", 
    "minit" : "X", 
    "lname" : "Davila", 
    "job_id" : NumberInt(10), 
    "job_lvl" : NumberInt(113), 
    "pub_id" : "BQAC", 
    "hire_date" : ISODate("2012-06-15T17:31:12.890+0000")
}
{ 
    "_id" : ObjectId("5b166f1db88e1e20cc61f2f0"), 
    "emp_id" : "TZG11323F", 
    "fname" : "Ginger", 
    "minit" : " ", 
    "lname" : "Davila", 
    "job_id" : NumberInt(8), 
    "job_lvl" : NumberInt(171), 
    "pub_id" : "I9S0", 
    "hire_date" : ISODate("2004-04-13T13:39:58.570+0000")
}
{ 
    "_id" : ObjectId("5b166f1db88e1e20cc61f2f1"), 
    "emp_id" : "ZRP21204M", 
    "fname" : "Lorraine", 
    "minit" : "P", 
    "lname" : "Dodson", 
    "job_id" : NumberInt(12), 
    "job_lvl" : NumberInt(215), 
    "pub_id" : "FAIF", 
    "hire_date" : ISODate("2010-08-02T12:30:59.940+0000")
}
{ 
    "_id" : ObjectId("5b166f1db88e1e20cc61f2f2"), 
    "emp_id" : "MFS86628M", 
    "fname" : "Gabrielle", 
    "minit" : " ", 
    "lname" : "Dougherty", 
    "job_id" : NumberInt(14), 
    "job_lvl" : NumberInt(101), 
    "pub_id" : "HH39", 
    "hire_date" : ISODate("2012-06-07T20:23:30.220+0000")
}
{ 
    "_id" : ObjectId("5b166f1db88e1e20cc61f2f3"), 
    "emp_id" : "EZL16106M", 
    "fname" : "Erika", 
    "minit" : "T", 
    "lname" : "Doyle", 
    "job_id" : NumberInt(11), 
    "job_lvl" : NumberInt(202), 
    "pub_id" : "DJTM", 
    "hire_date" : ISODate("2000-10-28T16:50:48.410+0000")
}
{ 
    "_id" : ObjectId("5b166f1db88e1e20cc61f2f4"), 
    "emp_id" : "NPY69367M", 
    "fname" : "Marilyn", 
    "minit" : "O", 
    "lname" : "Duffy", 
    "job_id" : NumberInt(6), 
    "job_lvl" : NumberInt(105), 
    "pub_id" : "6I1C", 
    "hire_date" : ISODate("2012-12-16T12:24:06.460+0000")
}
{ 
    "_id" : ObjectId("5b166f1db88e1e20cc61f2f5"), 
    "emp_id" : "QOZ20264F", 
    "fname" : "Tania", 
    "minit" : " ", 
    "lname" : "Duncan", 
    "job_id" : NumberInt(3), 
    "job_lvl" : NumberInt(27), 
    "pub_id" : "3BYO", 
    "hire_date" : ISODate("1998-02-20T13:16:21.090+0000")
}
{ 
    "_id" : ObjectId("5b166f1db88e1e20cc61f2f6"), 
    "emp_id" : "PUE66239F", 
    "fname" : "Brooke", 
    "minit" : " ", 
    "lname" : "Durham", 
    "job_id" : NumberInt(14), 
    "job_lvl" : NumberInt(3), 
    "pub_id" : "HO45", 
    "hire_date" : ISODate("2002-05-06T15:23:59.720+0000")
}
{ 
    "_id" : ObjectId("5b166f1db88e1e20cc61f2f7"), 
    "emp_id" : "PPW95543M", 
    "fname" : "Darnell", 
    "minit" : " ", 
    "lname" : "Durham", 
    "job_id" : NumberInt(1), 
    "job_lvl" : NumberInt(36), 
    "pub_id" : "00QX", 
    "hire_date" : ISODate("2006-03-02T02:02:53.470+0000")
}
{ 
    "_id" : ObjectId("5b166f1db88e1e20cc61f2f8"), 
    "emp_id" : "ESL45329F", 
    "fname" : "James", 
    "minit" : " ", 
    "lname" : "Durham", 
    "job_id" : NumberInt(8), 
    "job_lvl" : NumberInt(25), 
    "pub_id" : "K1TB", 
    "hire_date" : ISODate("2004-11-28T03:09:07.380+0000")
}
{ 
    "_id" : ObjectId("5b166f1db88e1e20cc61f2f9"), 
    "emp_id" : "BYP58316M", 
    "fname" : "Chester", 
    "minit" : " ", 
    "lname" : "Eaton", 
    "job_id" : NumberInt(11), 
    "job_lvl" : NumberInt(152), 
    "pub_id" : "CNWH", 
    "hire_date" : ISODate("2005-09-16T21:18:56.960+0000")
}
{ 
    "_id" : ObjectId("5b166f1db88e1e20cc61f2fa"), 
    "emp_id" : "RMK63328M", 
    "fname" : "Katherine", 
    "minit" : " ", 
    "lname" : "Ferrell", 
    "job_id" : NumberInt(8), 
    "job_lvl" : NumberInt(7), 
    "pub_id" : "9U21", 
    "hire_date" : ISODate("1999-02-13T13:10:25.150+0000")
}
{ 
    "_id" : ObjectId("5b166f1db88e1e20cc61f2fb"), 
    "emp_id" : "WPT40794F", 
    "fname" : "Jamal", 
    "minit" : " ", 
    "lname" : "Fields", 
    "job_id" : NumberInt(7), 
    "job_lvl" : NumberInt(26), 
    "pub_id" : "8JVR", 
    "hire_date" : ISODate("2012-02-02T01:35:35.330+0000")
}
{ 
    "_id" : ObjectId("5b166f1db88e1e20cc61f2fc"), 
    "emp_id" : "RBR68649M", 
    "fname" : "Nakia", 
    "minit" : " ", 
    "lname" : "Fields", 
    "job_id" : NumberInt(1), 
    "job_lvl" : NumberInt(198), 
    "pub_id" : "0I9P", 
    "hire_date" : ISODate("2002-04-28T05:41:06.050+0000")
}
{ 
    "_id" : ObjectId("5b166f1db88e1e20cc61f2fd"), 
    "emp_id" : "ZJI36279M", 
    "fname" : "Garrett", 
    "minit" : "E", 
    "lname" : "Figueroa", 
    "job_id" : NumberInt(12), 
    "job_lvl" : null, 
    "pub_id" : "F3IK", 
    "hire_date" : ISODate("2012-08-11T19:42:26.330+0000")
}
{ 
    "_id" : ObjectId("5b166f1db88e1e20cc61f2fe"), 
    "emp_id" : "QDO62667M", 
    "fname" : "Monte", 
    "minit" : " ", 
    "lname" : "Fleming", 
    "job_id" : NumberInt(10), 
    "job_lvl" : NumberInt(227), 
    "pub_id" : "BQL6", 
    "hire_date" : ISODate("2004-11-10T00:39:26.360+0000")
}
{ 
    "_id" : ObjectId("5b166f1db88e1e20cc61f2ff"), 
    "emp_id" : "PMO70131F", 
    "fname" : "Melanie", 
    "minit" : "A", 
    "lname" : "Fletcher", 
    "job_id" : NumberInt(4), 
    "job_lvl" : NumberInt(6), 
    "pub_id" : "J9LO", 
    "hire_date" : ISODate("2008-06-13T22:18:24.660+0000")
}
{ 
    "_id" : ObjectId("5b166f1db88e1e20cc61f300"), 
    "emp_id" : "OEL85368F", 
    "fname" : "Elton", 
    "minit" : "N", 
    "lname" : "Floyd", 
    "job_id" : NumberInt(11), 
    "job_lvl" : NumberInt(227), 
    "pub_id" : "DTCM", 
    "hire_date" : ISODate("2002-09-04T19:45:37.350+0000")
}
{ 
    "_id" : ObjectId("5b166f1db88e1e20cc61f301"), 
    "emp_id" : "OAW78862F", 
    "fname" : "Arturo", 
    "minit" : " ", 
    "lname" : "Ford", 
    "job_id" : NumberInt(1), 
    "job_lvl" : NumberInt(255), 
    "pub_id" : "035L", 
    "hire_date" : ISODate("2011-01-24T08:02:44.620+0000")
}
{ 
    "_id" : ObjectId("5b166f1db88e1e20cc61f302"), 
    "emp_id" : "MFN97931M", 
    "fname" : "Ray", 
    "minit" : "H", 
    "lname" : "Foster", 
    "job_id" : NumberInt(8), 
    "job_lvl" : NumberInt(248), 
    "pub_id" : "9N7D", 
    "hire_date" : ISODate("2010-11-03T14:24:46.440+0000")
}
{ 
    "_id" : ObjectId("5b166f1db88e1e20cc61f303"), 
    "emp_id" : "CVG19869F", 
    "fname" : "Anthony", 
    "minit" : "D", 
    "lname" : "Fowler", 
    "job_id" : NumberInt(13), 
    "job_lvl" : NumberInt(82), 
    "pub_id" : "GAO7", 
    "hire_date" : ISODate("2003-08-28T08:08:22.450+0000")
}
{ 
    "_id" : ObjectId("5b166f1db88e1e20cc61f304"), 
    "emp_id" : "JVZ64234F", 
    "fname" : "Leah", 
    "minit" : "M", 
    "lname" : "Francis", 
    "job_id" : NumberInt(13), 
    "job_lvl" : NumberInt(145), 
    "pub_id" : "GKII", 
    "hire_date" : ISODate("2008-12-27T14:09:36.400+0000")
}
{ 
    "_id" : ObjectId("5b166f1db88e1e20cc61f305"), 
    "emp_id" : "SQE16034F", 
    "fname" : "Ty", 
    "minit" : " ", 
    "lname" : "Francis", 
    "job_id" : NumberInt(2), 
    "job_lvl" : NumberInt(5), 
    "pub_id" : "1ISA", 
    "hire_date" : ISODate("2007-07-29T22:31:30.870+0000")
}
{ 
    "_id" : ObjectId("5b166f1db88e1e20cc61f306"), 
    "emp_id" : "JXV95432F", 
    "fname" : "Ivan", 
    "minit" : " ", 
    "lname" : "Frederick", 
    "job_id" : NumberInt(7), 
    "job_lvl" : NumberInt(50), 
    "pub_id" : "8F33", 
    "hire_date" : ISODate("2007-01-31T19:02:06.830+0000")
}
{ 
    "_id" : ObjectId("5b166f1db88e1e20cc61f307"), 
    "emp_id" : "VZV39275M", 
    "fname" : "Serena", 
    "minit" : " ", 
    "lname" : "Frederick", 
    "job_id" : NumberInt(9), 
    "job_lvl" : NumberInt(57), 
    "pub_id" : "B0C4", 
    "hire_date" : ISODate("2007-11-06T13:26:34.310+0000")
}
{ 
    "_id" : ObjectId("5b166f1db88e1e20cc61f308"), 
    "emp_id" : "OTU86700M", 
    "fname" : "Rachelle", 
    "minit" : "I", 
    "lname" : "Gallegos", 
    "job_id" : NumberInt(2), 
    "job_lvl" : NumberInt(1), 
    "pub_id" : "1HD6", 
    "hire_date" : ISODate("2004-11-09T06:59:58.980+0000")
}
{ 
    "_id" : ObjectId("5b166f1db88e1e20cc61f309"), 
    "emp_id" : "KTT84795F", 
    "fname" : "Rex", 
    "minit" : " ", 
    "lname" : "Garrison", 
    "job_id" : NumberInt(9), 
    "job_lvl" : NumberInt(163), 
    "pub_id" : "B9BF", 
    "hire_date" : ISODate("2008-01-07T12:39:50.780+0000")
}
{ 
    "_id" : ObjectId("5b166f1db88e1e20cc61f30a"), 
    "emp_id" : "ETB11243F", 
    "fname" : "Ginger", 
    "minit" : " ", 
    "lname" : "Garza", 
    "job_id" : NumberInt(11), 
    "job_lvl" : NumberInt(67), 
    "pub_id" : "CS1O", 
    "hire_date" : ISODate("2002-08-27T14:01:09.210+0000")
}
{ 
    "_id" : ObjectId("5b166f1db88e1e20cc61f30b"), 
    "emp_id" : "JON49250M", 
    "fname" : "Norma", 
    "minit" : " ", 
    "lname" : "George", 
    "job_id" : NumberInt(14), 
    "job_lvl" : NumberInt(251), 
    "pub_id" : "HCDQ", 
    "hire_date" : ISODate("2009-01-24T19:26:29.570+0000")
}
{ 
    "_id" : ObjectId("5b166f1db88e1e20cc61f30c"), 
    "emp_id" : "CPT50424F", 
    "fname" : "Dale", 
    "minit" : " ", 
    "lname" : "Gibbs", 
    "job_id" : NumberInt(10), 
    "job_lvl" : NumberInt(112), 
    "pub_id" : "IPYP", 
    "hire_date" : ISODate("2003-12-14T21:07:43.200+0000")
}
{ 
    "_id" : ObjectId("5b166f1db88e1e20cc61f30d"), 
    "emp_id" : "ENQ54849M", 
    "fname" : "Corey", 
    "minit" : "D", 
    "lname" : "Gilbert", 
    "job_id" : NumberInt(9), 
    "job_lvl" : NumberInt(30), 
    "pub_id" : "B98I", 
    "hire_date" : ISODate("2012-11-20T13:56:18.850+0000")
}
{ 
    "_id" : ObjectId("5b166f1db88e1e20cc61f30e"), 
    "emp_id" : "ZBK77873M", 
    "fname" : "Roberto", 
    "minit" : " ", 
    "lname" : "Gill", 
    "job_id" : NumberInt(2), 
    "job_lvl" : NumberInt(53), 
    "pub_id" : "21VY", 
    "hire_date" : ISODate("2012-10-26T23:41:03.890+0000")
}
{ 
    "_id" : ObjectId("5b166f1db88e1e20cc61f30f"), 
    "emp_id" : "KYN30679F", 
    "fname" : "Alana", 
    "minit" : "N", 
    "lname" : "Gilmore", 
    "job_id" : NumberInt(9), 
    "job_lvl" : NumberInt(234), 
    "pub_id" : "AEMH", 
    "hire_date" : ISODate("2000-07-06T23:17:27.670+0000")
}
{ 
    "_id" : ObjectId("5b166f1db88e1e20cc61f310"), 
    "emp_id" : "IUZ64731M", 
    "fname" : "Whitney", 
    "minit" : " ", 
    "lname" : "Gilmore", 
    "job_id" : NumberInt(7), 
    "job_lvl" : NumberInt(199), 
    "pub_id" : "843Q", 
    "hire_date" : ISODate("2011-06-18T07:13:41.980+0000")
}
{ 
    "_id" : ObjectId("5b166f1db88e1e20cc61f311"), 
    "emp_id" : "YEC93543F", 
    "fname" : "Cathy", 
    "minit" : " ", 
    "lname" : "Golden", 
    "job_id" : NumberInt(11), 
    "job_lvl" : NumberInt(188), 
    "pub_id" : "DG7I", 
    "hire_date" : ISODate("2010-05-04T02:15:27.240+0000")
}
{ 
    "_id" : ObjectId("5b166f1db88e1e20cc61f312"), 
    "emp_id" : "FRA91216F", 
    "fname" : "Daphne", 
    "minit" : "E", 
    "lname" : "Gomez", 
    "job_id" : NumberInt(6), 
    "job_lvl" : NumberInt(89), 
    "pub_id" : "6ABK", 
    "hire_date" : ISODate("2007-06-14T21:23:18.380+0000")
}
{ 
    "_id" : ObjectId("5b166f1db88e1e20cc61f313"), 
    "emp_id" : "TDU57723M", 
    "fname" : "Gina", 
    "minit" : "W", 
    "lname" : "Gonzalez", 
    "job_id" : NumberInt(3), 
    "job_lvl" : NumberInt(202), 
    "pub_id" : "2X7M", 
    "hire_date" : ISODate("2006-05-12T17:35:58.000+0000")
}
{ 
    "_id" : ObjectId("5b166f1db88e1e20cc61f314"), 
    "emp_id" : "OWS57108F", 
    "fname" : "Jayson", 
    "minit" : " ", 
    "lname" : "Good", 
    "job_id" : NumberInt(11), 
    "job_lvl" : NumberInt(36), 
    "pub_id" : "DMOK", 
    "hire_date" : ISODate("2003-05-11T20:46:52.240+0000")
}
{ 
    "_id" : ObjectId("5b166f1db88e1e20cc61f315"), 
    "emp_id" : "OHR22423F", 
    "fname" : "Katrina", 
    "minit" : "C", 
    "lname" : "Goodman", 
    "job_id" : NumberInt(9), 
    "job_lvl" : NumberInt(126), 
    "pub_id" : "AYPV", 
    "hire_date" : ISODate("2006-08-29T20:34:12.560+0000")
}
{ 
    "_id" : ObjectId("5b166f1db88e1e20cc61f316"), 
    "emp_id" : "G-P89044M", 
    "fname" : "Ben", 
    "minit" : "L", 
    "lname" : "Gordon", 
    "job_id" : NumberInt(13), 
    "job_lvl" : NumberInt(148), 
    "pub_id" : "J67T", 
    "hire_date" : ISODate("1998-01-31T19:31:27.830+0000")
}
{ 
    "_id" : ObjectId("5b166f1db88e1e20cc61f317"), 
    "emp_id" : "RRN37042M", 
    "fname" : "Frankie", 
    "minit" : "G", 
    "lname" : "Griffin", 
    "job_id" : NumberInt(13), 
    "job_lvl" : NumberInt(21), 
    "pub_id" : "G6KH", 
    "hire_date" : ISODate("1998-10-30T17:24:54.480+0000")
}
{ 
    "_id" : ObjectId("5b166f1db88e1e20cc61f318"), 
    "emp_id" : "FMO68536M", 
    "fname" : "Sabrina", 
    "minit" : " ", 
    "lname" : "Griffith", 
    "job_id" : NumberInt(3), 
    "job_lvl" : NumberInt(27), 
    "pub_id" : "2ZFE", 
    "hire_date" : ISODate("2010-09-16T22:13:17.230+0000")
}
{ 
    "_id" : ObjectId("5b166f1db88e1e20cc61f319"), 
    "emp_id" : "WKA55740M", 
    "fname" : "Tasha", 
    "minit" : "J", 
    "lname" : "Griffith", 
    "job_id" : NumberInt(10), 
    "job_lvl" : NumberInt(202), 
    "pub_id" : "CJBJ", 
    "hire_date" : ISODate("2001-02-23T02:02:15.530+0000")
}
{ 
    "_id" : ObjectId("5b166f1db88e1e20cc61f31a"), 
    "emp_id" : "HTU58884M", 
    "fname" : "Fred", 
    "minit" : "S", 
    "lname" : "Hammond", 
    "job_id" : NumberInt(11), 
    "job_lvl" : NumberInt(201), 
    "pub_id" : "CT9T", 
    "hire_date" : ISODate("2000-01-08T00:29:00.550+0000")
}
{ 
    "_id" : ObjectId("5b166f1db88e1e20cc61f31b"), 
    "emp_id" : "PPC14379M", 
    "fname" : "Jami", 
    "minit" : " ", 
    "lname" : "Hammond", 
    "job_id" : NumberInt(14), 
    "job_lvl" : NumberInt(217), 
    "pub_id" : "HFZY", 
    "hire_date" : ISODate("2001-11-23T12:30:49.080+0000")
}
{ 
    "_id" : ObjectId("5b166f1db88e1e20cc61f31c"), 
    "emp_id" : "CVU23158F", 
    "fname" : "Randi", 
    "minit" : "D", 
    "lname" : "Hampton", 
    "job_id" : NumberInt(3), 
    "job_lvl" : NumberInt(186), 
    "pub_id" : "2GME", 
    "hire_date" : ISODate("1998-02-10T03:58:16.710+0000")
}
{ 
    "_id" : ObjectId("5b166f1db88e1e20cc61f31d"), 
    "emp_id" : "XXC62686F", 
    "fname" : "Marcella", 
    "minit" : "T", 
    "lname" : "Hancock", 
    "job_id" : NumberInt(12), 
    "job_lvl" : null, 
    "pub_id" : "F33H", 
    "hire_date" : ISODate("2005-10-12T21:57:36.440+0000")
}
{ 
    "_id" : ObjectId("5b166f1db88e1e20cc61f31e"), 
    "emp_id" : "DJB37954F", 
    "fname" : "Marc", 
    "minit" : "A", 
    "lname" : "Haney", 
    "job_id" : NumberInt(4), 
    "job_lvl" : NumberInt(73), 
    "pub_id" : "3IJ2", 
    "hire_date" : ISODate("2007-01-10T08:57:17.270+0000")
}
{ 
    "_id" : ObjectId("5b166f1db88e1e20cc61f31f"), 
    "emp_id" : "LUI82560F", 
    "fname" : "Rafael", 
    "minit" : " ", 
    "lname" : "Hansen", 
    "job_id" : NumberInt(6), 
    "job_lvl" : NumberInt(6), 
    "pub_id" : "6YCR", 
    "hire_date" : ISODate("2010-11-20T18:25:35.660+0000")
}
{ 
    "_id" : ObjectId("5b166f1db88e1e20cc61f320"), 
    "emp_id" : "EVJ84931M", 
    "fname" : "Sherman", 
    "minit" : " ", 
    "lname" : "Harrington", 
    "job_id" : NumberInt(5), 
    "job_lvl" : NumberInt(50), 
    "pub_id" : "5YNQ", 
    "hire_date" : ISODate("2012-01-02T13:16:40.810+0000")
}
{ 
    "_id" : ObjectId("5b166f1db88e1e20cc61f321"), 
    "emp_id" : "HBU52905F", 
    "fname" : "Jane", 
    "minit" : "Y", 
    "lname" : "Heath", 
    "job_id" : NumberInt(4), 
    "job_lvl" : NumberInt(1), 
    "pub_id" : "3W1D", 
    "hire_date" : ISODate("2003-12-25T09:42:58.490+0000")
}
{ 
    "_id" : ObjectId("5b166f1db88e1e20cc61f322"), 
    "emp_id" : "WAI40857F", 
    "fname" : "Natalie", 
    "minit" : " ", 
    "lname" : "Heath", 
    "job_id" : NumberInt(14), 
    "job_lvl" : NumberInt(235), 
    "pub_id" : "JOO4", 
    "hire_date" : ISODate("2001-05-17T19:19:16.020+0000")
}
{ 
    "_id" : ObjectId("5b166f1db88e1e20cc61f323"), 
    "emp_id" : "NLC77501F", 
    "fname" : "Dewayne", 
    "minit" : "L", 
    "lname" : "Hebert", 
    "job_id" : NumberInt(8), 
    "job_lvl" : NumberInt(101), 
    "pub_id" : "9AOE", 
    "hire_date" : ISODate("1998-02-20T12:58:52.000+0000")
}
{ 
    "_id" : ObjectId("5b166f1db88e1e20cc61f324"), 
    "emp_id" : "TDG53322M", 
    "fname" : "Jackie", 
    "minit" : " ", 
    "lname" : "Hensley", 
    "job_id" : NumberInt(7), 
    "job_lvl" : NumberInt(222), 
    "pub_id" : "90RR", 
    "hire_date" : ISODate("1999-10-16T08:23:11.950+0000")
}
{ 
    "_id" : ObjectId("5b166f1db88e1e20cc61f325"), 
    "emp_id" : "PMW89279F", 
    "fname" : "Jami", 
    "minit" : "R", 
    "lname" : "Hensley", 
    "job_id" : NumberInt(12), 
    "job_lvl" : NumberInt(52), 
    "pub_id" : "EE8S", 
    "hire_date" : ISODate("2009-11-20T18:40:13.180+0000")
}
{ 
    "_id" : ObjectId("5b166f1db88e1e20cc61f326"), 
    "emp_id" : "ZDD23144M", 
    "fname" : "Joyce", 
    "minit" : " ", 
    "lname" : "Hensley", 
    "job_id" : NumberInt(8), 
    "job_lvl" : NumberInt(53), 
    "pub_id" : "9931", 
    "hire_date" : ISODate("2009-12-21T12:46:11.920+0000")
}
{ 
    "_id" : ObjectId("5b166f1db88e1e20cc61f327"), 
    "emp_id" : "RQO41031M", 
    "fname" : "Amanda", 
    "minit" : " ", 
    "lname" : "Herman", 
    "job_id" : NumberInt(3), 
    "job_lvl" : NumberInt(243), 
    "pub_id" : "2C51", 
    "hire_date" : ISODate("2000-05-30T14:01:27.500+0000")
}
{ 
    "_id" : ObjectId("5b166f1db88e1e20cc61f328"), 
    "emp_id" : "GXY82939M", 
    "fname" : "Darrick", 
    "minit" : " ", 
    "lname" : "Herman", 
    "job_id" : NumberInt(4), 
    "job_lvl" : NumberInt(64), 
    "pub_id" : "3JPJ", 
    "hire_date" : ISODate("2009-05-26T21:54:48.860+0000")
}
{ 
    "_id" : ObjectId("5b166f1db88e1e20cc61f329"), 
    "emp_id" : "XAR85235M", 
    "fname" : "Tisha", 
    "minit" : " ", 
    "lname" : "Hess", 
    "job_id" : NumberInt(1), 
    "job_lvl" : NumberInt(192), 
    "pub_id" : "116W", 
    "hire_date" : ISODate("2012-10-22T01:08:01.410+0000")
}
{ 
    "_id" : ObjectId("5b166f1db88e1e20cc61f32a"), 
    "emp_id" : "SGG78108M", 
    "fname" : "Anita", 
    "minit" : " ", 
    "lname" : "Higgins", 
    "job_id" : NumberInt(4), 
    "job_lvl" : NumberInt(6), 
    "pub_id" : "3HB2", 
    "hire_date" : ISODate("2008-03-17T02:59:54.800+0000")
}
{ 
    "_id" : ObjectId("5b166f1db88e1e20cc61f32b"), 
    "emp_id" : "KMQ26687F", 
    "fname" : "Natalie", 
    "minit" : " ", 
    "lname" : "Hines", 
    "job_id" : NumberInt(11), 
    "job_lvl" : NumberInt(142), 
    "pub_id" : "LRZX", 
    "hire_date" : ISODate("2008-03-01T14:03:17.510+0000")
}
{ 
    "_id" : ObjectId("5b166f1db88e1e20cc61f32c"), 
    "emp_id" : "XEY59138F", 
    "fname" : "Kristie", 
    "minit" : "P", 
    "lname" : "Hinton", 
    "job_id" : NumberInt(14), 
    "job_lvl" : NumberInt(33), 
    "pub_id" : "IYJ2", 
    "hire_date" : ISODate("2002-07-25T07:47:02.310+0000")
}
{ 
    "_id" : ObjectId("5b166f1db88e1e20cc61f32d"), 
    "emp_id" : "PWF34352M", 
    "fname" : "Scott", 
    "minit" : "A", 
    "lname" : "Hoffman", 
    "job_id" : NumberInt(12), 
    "job_lvl" : NumberInt(76), 
    "pub_id" : "EG4Y", 
    "hire_date" : ISODate("2004-01-27T19:08:30.730+0000")
}
{ 
    "_id" : ObjectId("5b166f1db88e1e20cc61f32e"), 
    "emp_id" : "EZL20110F", 
    "fname" : "Emma", 
    "minit" : "P", 
    "lname" : "Holland", 
    "job_id" : NumberInt(4), 
    "job_lvl" : NumberInt(167), 
    "pub_id" : "485N", 
    "hire_date" : ISODate("1998-06-09T07:57:08.560+0000")
}
{ 
    "_id" : ObjectId("5b166f1db88e1e20cc61f32f"), 
    "emp_id" : "HSD91223M", 
    "fname" : "Joanna", 
    "minit" : " ", 
    "lname" : "Holmes", 
    "job_id" : NumberInt(3), 
    "job_lvl" : NumberInt(99), 
    "pub_id" : "2YXP", 
    "hire_date" : ISODate("2007-03-27T11:16:40.980+0000")
}
{ 
    "_id" : ObjectId("5b166f1db88e1e20cc61f330"), 
    "emp_id" : "QDR31378F", 
    "fname" : "Garrett", 
    "minit" : "L", 
    "lname" : "Hood", 
    "job_id" : NumberInt(9), 
    "job_lvl" : NumberInt(133), 
    "pub_id" : "AY5R", 
    "hire_date" : ISODate("2005-03-01T07:14:01.580+0000")
}
{ 
    "_id" : ObjectId("5b166f1db88e1e20cc61f331"), 
    "emp_id" : "PGU57027M", 
    "fname" : "Kristian", 
    "minit" : " ", 
    "lname" : "Hopkins", 
    "job_id" : NumberInt(10), 
    "job_lvl" : NumberInt(80), 
    "pub_id" : "BW2N", 
    "hire_date" : ISODate("2003-01-19T05:47:46.080+0000")
}
{ 
    "_id" : ObjectId("5b166f1db88e1e20cc61f332"), 
    "emp_id" : "FTF11334F", 
    "fname" : "Lori", 
    "minit" : "I", 
    "lname" : "Horne", 
    "job_id" : NumberInt(14), 
    "job_lvl" : null, 
    "pub_id" : "H99I", 
    "hire_date" : ISODate("2005-08-31T09:50:53.370+0000")
}
{ 
    "_id" : ObjectId("5b166f1db88e1e20cc61f333"), 
    "emp_id" : "CIJ60755F", 
    "fname" : "Keri", 
    "minit" : " ", 
    "lname" : "Houston", 
    "job_id" : NumberInt(3), 
    "job_lvl" : NumberInt(43), 
    "pub_id" : "308K", 
    "hire_date" : ISODate("2009-08-18T10:11:41.620+0000")
}
{ 
    "_id" : ObjectId("5b166f1db88e1e20cc61f334"), 
    "emp_id" : "KXU62648F", 
    "fname" : "Enrique", 
    "minit" : " ", 
    "lname" : "Huerta", 
    "job_id" : NumberInt(3), 
    "job_lvl" : NumberInt(110), 
    "pub_id" : "39GT", 
    "hire_date" : ISODate("2011-08-17T04:00:49.360+0000")
}
{ 
    "_id" : ObjectId("5b166f1db88e1e20cc61f335"), 
    "emp_id" : "ROK97813F", 
    "fname" : "Clarissa", 
    "minit" : " ", 
    "lname" : "Hull", 
    "job_id" : NumberInt(4), 
    "job_lvl" : NumberInt(21), 
    "pub_id" : "3GHB", 
    "hire_date" : ISODate("2004-03-03T14:17:12.260+0000")
}
{ 
    "_id" : ObjectId("5b166f1db88e1e20cc61f336"), 
    "emp_id" : "LGN17545F", 
    "fname" : "Tisha", 
    "minit" : " ", 
    "lname" : "Ingram", 
    "job_id" : NumberInt(9), 
    "job_lvl" : NumberInt(155), 
    "pub_id" : "B30K", 
    "hire_date" : ISODate("2009-07-14T03:45:41.590+0000")
}
{ 
    "_id" : ObjectId("5b166f1db88e1e20cc61f337"), 
    "emp_id" : "XGP92288M", 
    "fname" : "Bridget", 
    "minit" : " ", 
    "lname" : "Jefferson", 
    "job_id" : NumberInt(3), 
    "job_lvl" : NumberInt(251), 
    "pub_id" : "2K49", 
    "hire_date" : ISODate("2003-07-27T08:11:25.560+0000")
}
{ 
    "_id" : ObjectId("5b166f1db88e1e20cc61f338"), 
    "emp_id" : "IUW73303F", 
    "fname" : "Wallace", 
    "minit" : " ", 
    "lname" : "Jefferson", 
    "job_id" : NumberInt(9), 
    "job_lvl" : NumberInt(248), 
    "pub_id" : "BBZN", 
    "hire_date" : ISODate("2003-03-03T15:16:52.430+0000")
}
{ 
    "_id" : ObjectId("5b166f1db88e1e20cc61f339"), 
    "emp_id" : "ABY82059F", 
    "fname" : "Kelli", 
    "minit" : " ", 
    "lname" : "Jensen", 
    "job_id" : NumberInt(14), 
    "job_lvl" : NumberInt(78), 
    "pub_id" : "HVME", 
    "hire_date" : ISODate("2003-07-16T06:03:17.040+0000")
}
{ 
    "_id" : ObjectId("5b166f1db88e1e20cc61f33a"), 
    "emp_id" : "TDM46165F", 
    "fname" : "Lillian", 
    "minit" : "Y", 
    "lname" : "Johnston", 
    "job_id" : NumberInt(7), 
    "job_lvl" : NumberInt(120), 
    "pub_id" : "82UN", 
    "hire_date" : ISODate("2008-12-19T04:07:58.260+0000")
}
{ 
    "_id" : ObjectId("5b166f1db88e1e20cc61f33b"), 
    "emp_id" : "JOP56126M", 
    "fname" : "Mickey", 
    "minit" : "W", 
    "lname" : "Jones", 
    "job_id" : NumberInt(1), 
    "job_lvl" : NumberInt(214), 
    "pub_id" : "0B1Z", 
    "hire_date" : ISODate("2008-01-23T05:08:06.690+0000")
}
{ 
    "_id" : ObjectId("5b166f1db88e1e20cc61f33c"), 
    "emp_id" : "THL93347F", 
    "fname" : "Adriana", 
    "minit" : " ", 
    "lname" : "Jordan", 
    "job_id" : NumberInt(11), 
    "job_lvl" : NumberInt(1), 
    "pub_id" : "CMVZ", 
    "hire_date" : ISODate("2011-08-15T20:37:41.900+0000")
}
{ 
    "_id" : ObjectId("5b166f1db88e1e20cc61f33d"), 
    "emp_id" : "OKV42602M", 
    "fname" : "Lorena", 
    "minit" : "E", 
    "lname" : "Juarez", 
    "job_id" : NumberInt(3), 
    "job_lvl" : NumberInt(53), 
    "pub_id" : "33Z1", 
    "hire_date" : ISODate("2012-11-03T12:50:43.450+0000")
}
{ 
    "_id" : ObjectId("5b166f1db88e1e20cc61f33e"), 
    "emp_id" : "MKI23548M", 
    "fname" : "Shari", 
    "minit" : "Y", 
    "lname" : "Kaiser", 
    "job_id" : NumberInt(13), 
    "job_lvl" : NumberInt(103), 
    "pub_id" : "G015", 
    "hire_date" : ISODate("2010-06-08T17:47:12.120+0000")
}
{ 
    "_id" : ObjectId("5b166f1db88e1e20cc61f33f"), 
    "emp_id" : "UAA23724F", 
    "fname" : "Robin", 
    "minit" : "Z", 
    "lname" : "Kane", 
    "job_id" : NumberInt(7), 
    "job_lvl" : NumberInt(173), 
    "pub_id" : "8WXY", 
    "hire_date" : ISODate("2008-09-21T20:34:41.510+0000")
}
{ 
    "_id" : ObjectId("5b166f1db88e1e20cc61f340"), 
    "emp_id" : "UDS64037M", 
    "fname" : "Brandie", 
    "minit" : " ", 
    "lname" : "Kaufman", 
    "job_id" : NumberInt(5), 
    "job_lvl" : NumberInt(4), 
    "pub_id" : "5I2Z", 
    "hire_date" : ISODate("1999-11-16T07:55:43.820+0000")
}
{ 
    "_id" : ObjectId("5b166f1db88e1e20cc61f341"), 
    "emp_id" : "CYJ71874F", 
    "fname" : "Clyde", 
    "minit" : "G", 
    "lname" : "Kaufman", 
    "job_id" : NumberInt(10), 
    "job_lvl" : NumberInt(19), 
    "pub_id" : "C4BX", 
    "hire_date" : ISODate("2001-09-11T23:32:57.060+0000")
}
{ 
    "_id" : ObjectId("5b166f1db88e1e20cc61f342"), 
    "emp_id" : "F-J77268M", 
    "fname" : "Harold", 
    "minit" : " ", 
    "lname" : "Kent", 
    "job_id" : NumberInt(8), 
    "job_lvl" : NumberInt(11), 
    "pub_id" : "A0P4", 
    "hire_date" : ISODate("2003-05-03T02:38:26.410+0000")
}
{ 
    "_id" : ObjectId("5b166f1db88e1e20cc61f343"), 
    "emp_id" : "KHN43996M", 
    "fname" : "Monte", 
    "minit" : "I", 
    "lname" : "Kidd", 
    "job_id" : NumberInt(12), 
    "job_lvl" : NumberInt(63), 
    "pub_id" : "ENWY", 
    "hire_date" : ISODate("2005-06-06T16:23:41.520+0000")
}
{ 
    "_id" : ObjectId("5b166f1db88e1e20cc61f344"), 
    "emp_id" : "RLU92961F", 
    "fname" : "Claudia", 
    "minit" : " ", 
    "lname" : "Kirk", 
    "job_id" : NumberInt(4), 
    "job_lvl" : NumberInt(81), 
    "pub_id" : "4ESF", 
    "hire_date" : ISODate("1998-11-10T09:31:40.470+0000")
}
{ 
    "_id" : ObjectId("5b166f1db88e1e20cc61f345"), 
    "emp_id" : "FJJ62311M", 
    "fname" : "Kyle", 
    "minit" : "Y", 
    "lname" : "Kline", 
    "job_id" : NumberInt(8), 
    "job_lvl" : NumberInt(251), 
    "pub_id" : "9J6Y", 
    "hire_date" : ISODate("2002-01-04T15:45:13.080+0000")
}
{ 
    "_id" : ObjectId("5b166f1db88e1e20cc61f346"), 
    "emp_id" : "VFU40702F", 
    "fname" : "Doris", 
    "minit" : " ", 
    "lname" : "Knapp", 
    "job_id" : NumberInt(5), 
    "job_lvl" : NumberInt(12), 
    "pub_id" : "5DD8", 
    "hire_date" : ISODate("2003-01-10T22:49:55.520+0000")
}
{ 
    "_id" : ObjectId("5b166f1db88e1e20cc61f347"), 
    "emp_id" : "FCN60442F", 
    "fname" : "Mia", 
    "minit" : "L", 
    "lname" : "Knight", 
    "job_id" : NumberInt(9), 
    "job_lvl" : NumberInt(167), 
    "pub_id" : "B5QR", 
    "hire_date" : ISODate("1999-08-07T15:32:45.310+0000")
}
{ 
    "_id" : ObjectId("5b166f1db88e1e20cc61f348"), 
    "emp_id" : "RIZ29738M", 
    "fname" : "Christa", 
    "minit" : " ", 
    "lname" : "Knox", 
    "job_id" : NumberInt(7), 
    "job_lvl" : NumberInt(105), 
    "pub_id" : "8QZB", 
    "hire_date" : ISODate("1999-07-04T22:20:04.960+0000")
}
{ 
    "_id" : ObjectId("5b166f1db88e1e20cc61f349"), 
    "emp_id" : "OUA35476F", 
    "fname" : "Jim", 
    "minit" : " ", 
    "lname" : "Lang", 
    "job_id" : NumberInt(10), 
    "job_lvl" : NumberInt(19), 
    "pub_id" : "BTDE", 
    "hire_date" : ISODate("2007-11-06T07:41:55.990+0000")
}
{ 
    "_id" : ObjectId("5b166f1db88e1e20cc61f34a"), 
    "emp_id" : "EWO97327M", 
    "fname" : "Brock", 
    "minit" : "U", 
    "lname" : "Lara", 
    "job_id" : NumberInt(12), 
    "job_lvl" : NumberInt(147), 
    "pub_id" : "EU94", 
    "hire_date" : ISODate("2007-09-19T13:54:51.830+0000")
}
{ 
    "_id" : ObjectId("5b166f1db88e1e20cc61f34b"), 
    "emp_id" : "MRM45637M", 
    "fname" : "Mia", 
    "minit" : " ", 
    "lname" : "Le", 
    "job_id" : NumberInt(11), 
    "job_lvl" : NumberInt(254), 
    "pub_id" : "D3WE", 
    "hire_date" : ISODate("2007-04-03T09:17:41.320+0000")
}
{ 
    "_id" : ObjectId("5b166f1db88e1e20cc61f34c"), 
    "emp_id" : "FUC59188F", 
    "fname" : "Ramona", 
    "minit" : " ", 
    "lname" : "Leblanc", 
    "job_id" : NumberInt(6), 
    "job_lvl" : NumberInt(147), 
    "pub_id" : "6ON2", 
    "hire_date" : ISODate("2003-11-02T14:23:13.140+0000")
}
{ 
    "_id" : ObjectId("5b166f1db88e1e20cc61f34d"), 
    "emp_id" : "OOC65677F", 
    "fname" : "Paula", 
    "minit" : "T", 
    "lname" : "Lee", 
    "job_id" : NumberInt(4), 
    "job_lvl" : NumberInt(171), 
    "pub_id" : "43GG", 
    "hire_date" : ISODate("2002-09-29T10:51:43.010+0000")
}
{ 
    "_id" : ObjectId("5b166f1db88e1e20cc61f34e"), 
    "emp_id" : "LPA57391F", 
    "fname" : "Bryce", 
    "minit" : " ", 
    "lname" : "Levine", 
    "job_id" : NumberInt(8), 
    "job_lvl" : NumberInt(19), 
    "pub_id" : "9TMD", 
    "hire_date" : ISODate("2001-06-19T00:40:04.220+0000")
}
{ 
    "_id" : ObjectId("5b166f1db88e1e20cc61f34f"), 
    "emp_id" : "FQY81635F", 
    "fname" : "Carolyn", 
    "minit" : "U", 
    "lname" : "Lin", 
    "job_id" : NumberInt(14), 
    "job_lvl" : NumberInt(6), 
    "pub_id" : "HNFY", 
    "hire_date" : ISODate("2004-05-13T11:12:44.500+0000")
}
{ 
    "_id" : ObjectId("5b166f1db88e1e20cc61f350"), 
    "emp_id" : "SDQ41017F", 
    "fname" : "Cari", 
    "minit" : " ", 
    "lname" : "Lopez", 
    "job_id" : NumberInt(13), 
    "job_lvl" : NumberInt(229), 
    "pub_id" : "G19H", 
    "hire_date" : ISODate("2009-07-14T02:45:36.330+0000")
}
{ 
    "_id" : ObjectId("5b166f1db88e1e20cc61f351"), 
    "emp_id" : "ZEJ48004F", 
    "fname" : "Clyde", 
    "minit" : " ", 
    "lname" : "Lowery", 
    "job_id" : NumberInt(6), 
    "job_lvl" : NumberInt(194), 
    "pub_id" : "6OUX", 
    "hire_date" : ISODate("2009-07-21T13:59:35.990+0000")
}
{ 
    "_id" : ObjectId("5b166f1db88e1e20cc61f352"), 
    "emp_id" : "FAE70562F", 
    "fname" : "Cassie", 
    "minit" : "T", 
    "lname" : "Lozano", 
    "job_id" : NumberInt(4), 
    "job_lvl" : NumberInt(114), 
    "pub_id" : "3YLG", 
    "hire_date" : ISODate("2000-05-21T00:09:30.830+0000")
}
{ 
    "_id" : ObjectId("5b166f1db88e1e20cc61f353"), 
    "emp_id" : "SLW48192F", 
    "fname" : "Joey", 
    "minit" : " ", 
    "lname" : "Luna", 
    "job_id" : NumberInt(10), 
    "job_lvl" : NumberInt(254), 
    "pub_id" : "IKDP", 
    "hire_date" : ISODate("2007-02-02T13:49:29.650+0000")
}
{ 
    "_id" : ObjectId("5b166f1db88e1e20cc61f354"), 
    "emp_id" : "TUQ68617F", 
    "fname" : "Jon", 
    "minit" : " ", 
    "lname" : "Lynch", 
    "job_id" : NumberInt(3), 
    "job_lvl" : NumberInt(13), 
    "pub_id" : "32XD", 
    "hire_date" : ISODate("2011-01-07T00:15:39.150+0000")
}
{ 
    "_id" : ObjectId("5b166f1db88e1e20cc61f355"), 
    "emp_id" : "MSB38029M", 
    "fname" : "Olga", 
    "minit" : "Z", 
    "lname" : "Macias", 
    "job_id" : NumberInt(12), 
    "job_lvl" : NumberInt(91), 
    "pub_id" : "DTHP", 
    "hire_date" : ISODate("1998-10-11T02:12:08.270+0000")
}
{ 
    "_id" : ObjectId("5b166f1db88e1e20cc61f356"), 
    "emp_id" : "DIZ66072F", 
    "fname" : "Teri", 
    "minit" : "W", 
    "lname" : "Macias", 
    "job_id" : NumberInt(13), 
    "job_lvl" : NumberInt(24), 
    "pub_id" : "FUZE", 
    "hire_date" : ISODate("2005-12-07T02:46:12.460+0000")
}
{ 
    "_id" : ObjectId("5b166f1db88e1e20cc61f357"), 
    "emp_id" : "ZBI16859M", 
    "fname" : "Brett", 
    "minit" : "P", 
    "lname" : "Matthews", 
    "job_id" : NumberInt(10), 
    "job_lvl" : NumberInt(159), 
    "pub_id" : "BKR1", 
    "hire_date" : ISODate("1998-06-20T08:19:12.010+0000")
}
{ 
    "_id" : ObjectId("5b166f1db88e1e20cc61f358"), 
    "emp_id" : "HUD22007M", 
    "fname" : "Dena", 
    "minit" : "K", 
    "lname" : "Maxwell", 
    "job_id" : NumberInt(12), 
    "job_lvl" : NumberInt(138), 
    "pub_id" : "EBYH", 
    "hire_date" : ISODate("2007-06-02T16:22:06.870+0000")
}
{ 
    "_id" : ObjectId("5b166f1db88e1e20cc61f359"), 
    "emp_id" : "YNR49783F", 
    "fname" : "Gloria", 
    "minit" : "Z", 
    "lname" : "Mayer", 
    "job_id" : NumberInt(2), 
    "job_lvl" : NumberInt(131), 
    "pub_id" : "1HCD", 
    "hire_date" : ISODate("2001-04-30T13:18:58.390+0000")
}
{ 
    "_id" : ObjectId("5b166f1db88e1e20cc61f35a"), 
    "emp_id" : "FJL32576M", 
    "fname" : "Joshua", 
    "minit" : "D", 
    "lname" : "Maynard", 
    "job_id" : NumberInt(9), 
    "job_lvl" : NumberInt(146), 
    "pub_id" : "BBJD", 
    "hire_date" : ISODate("2001-12-02T09:49:05.020+0000")
}
{ 
    "_id" : ObjectId("5b166f1db88e1e20cc61f35b"), 
    "emp_id" : "YUK26446F", 
    "fname" : "Eileen", 
    "minit" : "J", 
    "lname" : "Mc Daniel", 
    "job_id" : NumberInt(4), 
    "job_lvl" : null, 
    "pub_id" : "4MEZ", 
    "hire_date" : ISODate("2002-02-12T23:05:31.560+0000")
}
{ 
    "_id" : ObjectId("5b166f1db88e1e20cc61f35c"), 
    "emp_id" : "IUD21679F", 
    "fname" : "Scot", 
    "minit" : " ", 
    "lname" : "Mc Donald", 
    "job_id" : NumberInt(3), 
    "job_lvl" : NumberInt(215), 
    "pub_id" : "2OHM", 
    "hire_date" : ISODate("2006-05-12T18:21:13.510+0000")
}
{ 
    "_id" : ObjectId("5b166f1db88e1e20cc61f35d"), 
    "emp_id" : "QFI57999M", 
    "fname" : "Sheri", 
    "minit" : "W", 
    "lname" : "Mc Lean", 
    "job_id" : NumberInt(5), 
    "job_lvl" : NumberInt(98), 
    "pub_id" : "5B7Q", 
    "hire_date" : ISODate("1998-01-15T01:00:03.020+0000")
}
{ 
    "_id" : ObjectId("5b166f1db88e1e20cc61f35e"), 
    "emp_id" : "CXQ57409M", 
    "fname" : "Edgar", 
    "minit" : "C", 
    "lname" : "Mc Millan", 
    "job_id" : NumberInt(9), 
    "job_lvl" : NumberInt(129), 
    "pub_id" : "BJCS", 
    "hire_date" : ISODate("2001-01-26T17:22:41.580+0000")
}
{ 
    "_id" : ObjectId("5b166f1db88e1e20cc61f35f"), 
    "emp_id" : "FHF50448M", 
    "fname" : "Dylan", 
    "minit" : "O", 
    "lname" : "Mccall", 
    "job_id" : NumberInt(10), 
    "job_lvl" : NumberInt(16), 
    "pub_id" : "LC1Y", 
    "hire_date" : ISODate("2003-07-03T14:17:56.260+0000")
}
{ 
    "_id" : ObjectId("5b166f1db88e1e20cc61f360"), 
    "emp_id" : "OVK65800F", 
    "fname" : "Harry", 
    "minit" : "O", 
    "lname" : "Mcfarland", 
    "job_id" : NumberInt(11), 
    "job_lvl" : NumberInt(148), 
    "pub_id" : "DPPJ", 
    "hire_date" : ISODate("2003-09-20T10:23:10.370+0000")
}
{ 
    "_id" : ObjectId("5b166f1db88e1e20cc61f361"), 
    "emp_id" : "BHJ41107M", 
    "fname" : "Colby", 
    "minit" : " ", 
    "lname" : "Mckay", 
    "job_id" : NumberInt(11), 
    "job_lvl" : NumberInt(140), 
    "pub_id" : "CW3P", 
    "hire_date" : ISODate("2001-10-01T02:34:24.810+0000")
}
{ 
    "_id" : ObjectId("5b166f1db88e1e20cc61f362"), 
    "emp_id" : "GOC37716F", 
    "fname" : "Maurice", 
    "minit" : "X", 
    "lname" : "Mckenzie", 
    "job_id" : NumberInt(4), 
    "job_lvl" : NumberInt(207), 
    "pub_id" : "408J", 
    "hire_date" : ISODate("1999-03-19T19:05:33.120+0000")
}
{ 
    "_id" : ObjectId("5b166f1db88e1e20cc61f363"), 
    "emp_id" : "GXX22539F", 
    "fname" : "Celeste", 
    "minit" : " ", 
    "lname" : "Mercer", 
    "job_id" : NumberInt(14), 
    "job_lvl" : NumberInt(138), 
    "pub_id" : "I48P", 
    "hire_date" : ISODate("1999-12-28T07:55:32.720+0000")
}
{ 
    "_id" : ObjectId("5b166f1db88e1e20cc61f364"), 
    "emp_id" : "T-U95072F", 
    "fname" : "Nina", 
    "minit" : "W", 
    "lname" : "Mercer", 
    "job_id" : NumberInt(8), 
    "job_lvl" : NumberInt(119), 
    "pub_id" : "A07R", 
    "hire_date" : ISODate("2012-10-12T02:29:08.550+0000")
}
{ 
    "_id" : ObjectId("5b166f1db88e1e20cc61f365"), 
    "emp_id" : "ZXX78301M", 
    "fname" : "Becky", 
    "minit" : " ", 
    "lname" : "Meyers", 
    "job_id" : NumberInt(8), 
    "job_lvl" : NumberInt(144), 
    "pub_id" : "9AY6", 
    "hire_date" : ISODate("2007-01-14T08:27:57.710+0000")
}
{ 
    "_id" : ObjectId("5b166f1db88e1e20cc61f366"), 
    "emp_id" : "NAM45586F", 
    "fname" : "David", 
    "minit" : " ", 
    "lname" : "Meza", 
    "job_id" : NumberInt(12), 
    "job_lvl" : NumberInt(74), 
    "pub_id" : "ILPJ", 
    "hire_date" : ISODate("2009-03-14T13:25:48.800+0000")
}
{ 
    "_id" : ObjectId("5b166f1db88e1e20cc61f367"), 
    "emp_id" : "PCK73399M", 
    "fname" : "Chadwick", 
    "minit" : "H", 
    "lname" : "Michael", 
    "job_id" : NumberInt(3), 
    "job_lvl" : NumberInt(109), 
    "pub_id" : "JCXM", 
    "hire_date" : ISODate("1998-11-26T05:23:12.050+0000")
}
{ 
    "_id" : ObjectId("5b166f1db88e1e20cc61f368"), 
    "emp_id" : "UHS74563F", 
    "fname" : "Jessica", 
    "minit" : " ", 
    "lname" : "Mills", 
    "job_id" : NumberInt(3), 
    "job_lvl" : NumberInt(225), 
    "pub_id" : "2CUN", 
    "hire_date" : ISODate("2006-12-16T19:57:00.870+0000")
}
{ 
    "_id" : ObjectId("5b166f1db88e1e20cc61f369"), 
    "emp_id" : "SZJ72911M", 
    "fname" : "Alvin", 
    "minit" : "J", 
    "lname" : "Miranda", 
    "job_id" : NumberInt(13), 
    "job_lvl" : NumberInt(136), 
    "pub_id" : "GFB0", 
    "hire_date" : ISODate("2007-05-27T19:14:18.850+0000")
}
{ 
    "_id" : ObjectId("5b166f1db88e1e20cc61f36a"), 
    "emp_id" : "NZN58995F", 
    "fname" : "Joy", 
    "minit" : " ", 
    "lname" : "Moreno", 
    "job_id" : NumberInt(3), 
    "job_lvl" : NumberInt(250), 
    "pub_id" : "2GEX", 
    "hire_date" : ISODate("2009-10-14T20:23:49.680+0000")
}
{ 
    "_id" : ObjectId("5b166f1db88e1e20cc61f36b"), 
    "emp_id" : "XCO47800M", 
    "fname" : "Marlon", 
    "minit" : " ", 
    "lname" : "Morse", 
    "job_id" : NumberInt(9), 
    "job_lvl" : NumberInt(237), 
    "pub_id" : "ADEJ", 
    "hire_date" : ISODate("1999-06-04T03:29:38.740+0000")
}
{ 
    "_id" : ObjectId("5b166f1db88e1e20cc61f36c"), 
    "emp_id" : "QTZ94772M", 
    "fname" : "Louis", 
    "minit" : " ", 
    "lname" : "Morton", 
    "job_id" : NumberInt(10), 
    "job_lvl" : NumberInt(32), 
    "pub_id" : "C4SG", 
    "hire_date" : ISODate("2009-02-15T21:31:08.010+0000")
}
{ 
    "_id" : ObjectId("5b166f1db88e1e20cc61f36d"), 
    "emp_id" : "TND82695F", 
    "fname" : "Yvonne", 
    "minit" : "W", 
    "lname" : "Moss", 
    "job_id" : NumberInt(4), 
    "job_lvl" : NumberInt(8), 
    "pub_id" : "48HB", 
    "hire_date" : ISODate("2008-03-02T03:55:32.890+0000")
}
{ 
    "_id" : ObjectId("5b166f1db88e1e20cc61f36e"), 
    "emp_id" : "VQY33783F", 
    "fname" : "Frank", 
    "minit" : "O", 
    "lname" : "Moyer", 
    "job_id" : NumberInt(13), 
    "job_lvl" : NumberInt(196), 
    "pub_id" : "GAKB", 
    "hire_date" : ISODate("2007-12-09T09:32:20.800+0000")
}
{ 
    "_id" : ObjectId("5b166f1db88e1e20cc61f36f"), 
    "emp_id" : "QUX69985F", 
    "fname" : "Donovan", 
    "minit" : "W", 
    "lname" : "Mullen", 
    "job_id" : NumberInt(3), 
    "job_lvl" : NumberInt(68), 
    "pub_id" : "34TL", 
    "hire_date" : ISODate("2008-01-02T02:51:32.920+0000")
}
{ 
    "_id" : ObjectId("5b166f1db88e1e20cc61f370"), 
    "emp_id" : "XHJ90173F", 
    "fname" : "Dewayne", 
    "minit" : " ", 
    "lname" : "Murray", 
    "job_id" : NumberInt(5), 
    "job_lvl" : NumberInt(20), 
    "pub_id" : "4YUB", 
    "hire_date" : ISODate("1998-07-29T16:05:05.770+0000")
}
{ 
    "_id" : ObjectId("5b166f1db88e1e20cc61f371"), 
    "emp_id" : "FUV86263M", 
    "fname" : "Marisa", 
    "minit" : " ", 
    "lname" : "Neal", 
    "job_id" : NumberInt(12), 
    "job_lvl" : NumberInt(153), 
    "pub_id" : "ED6N", 
    "hire_date" : ISODate("2010-12-27T04:51:57.240+0000")
}
{ 
    "_id" : ObjectId("5b166f1db88e1e20cc61f372"), 
    "emp_id" : "JAQ53278M", 
    "fname" : "Andy", 
    "minit" : " ", 
    "lname" : "Nixon", 
    "job_id" : NumberInt(9), 
    "job_lvl" : NumberInt(207), 
    "pub_id" : "B3WP", 
    "hire_date" : ISODate("2009-03-25T10:50:46.020+0000")
}
{ 
    "_id" : ObjectId("5b166f1db88e1e20cc61f373"), 
    "emp_id" : "NTJ59134F", 
    "fname" : "Efrain", 
    "minit" : " ", 
    "lname" : "Nolan", 
    "job_id" : NumberInt(2), 
    "job_lvl" : NumberInt(103), 
    "pub_id" : "1GSL", 
    "hire_date" : ISODate("1999-06-28T12:37:18.490+0000")
}
{ 
    "_id" : ObjectId("5b166f1db88e1e20cc61f374"), 
    "emp_id" : "JRR35573M", 
    "fname" : "Annie", 
    "minit" : "W", 
    "lname" : "Novak", 
    "job_id" : NumberInt(14), 
    "job_lvl" : NumberInt(177), 
    "pub_id" : "H4G7", 
    "hire_date" : ISODate("2005-05-07T08:47:40.440+0000")
}
{ 
    "_id" : ObjectId("5b166f1db88e1e20cc61f375"), 
    "emp_id" : "AVV26568F", 
    "fname" : "Allyson", 
    "minit" : "M", 
    "lname" : "Oliver", 
    "job_id" : NumberInt(11), 
    "job_lvl" : NumberInt(92), 
    "pub_id" : "JBDQ", 
    "hire_date" : ISODate("2005-01-28T02:41:27.420+0000")
}
{ 
    "_id" : ObjectId("5b166f1db88e1e20cc61f376"), 
    "emp_id" : "MJL43184M", 
    "fname" : "Edith", 
    "minit" : " ", 
    "lname" : "Oliver", 
    "job_id" : NumberInt(7), 
    "job_lvl" : NumberInt(141), 
    "pub_id" : "KRMQ", 
    "hire_date" : ISODate("2010-11-13T12:16:12.870+0000")
}
{ 
    "_id" : ObjectId("5b166f1db88e1e20cc61f377"), 
    "emp_id" : "VXH78779F", 
    "fname" : "Toby", 
    "minit" : " ", 
    "lname" : "Olsen", 
    "job_id" : NumberInt(14), 
    "job_lvl" : NumberInt(168), 
    "pub_id" : "H5GM", 
    "hire_date" : ISODate("2009-11-21T20:35:34.600+0000")
}
{ 
    "_id" : ObjectId("5b166f1db88e1e20cc61f378"), 
    "emp_id" : "WLC70725F", 
    "fname" : "Vickie", 
    "minit" : " ", 
    "lname" : "Orozco", 
    "job_id" : NumberInt(9), 
    "job_lvl" : NumberInt(23), 
    "pub_id" : "AGLQ", 
    "hire_date" : ISODate("2005-05-04T20:31:13.090+0000")
}
{ 
    "_id" : ObjectId("5b166f1db88e1e20cc61f379"), 
    "emp_id" : "ZXM10657M", 
    "fname" : "Maggie", 
    "minit" : " ", 
    "lname" : "Owens", 
    "job_id" : NumberInt(4), 
    "job_lvl" : NumberInt(65), 
    "pub_id" : "3QTY", 
    "hire_date" : ISODate("2003-11-05T21:14:26.830+0000")
}
{ 
    "_id" : ObjectId("5b166f1db88e1e20cc61f37a"), 
    "emp_id" : "UJS66369F", 
    "fname" : "Leonardo", 
    "minit" : " ", 
    "lname" : "Patel", 
    "job_id" : NumberInt(7), 
    "job_lvl" : NumberInt(184), 
    "pub_id" : "8IU1", 
    "hire_date" : ISODate("2001-12-25T21:03:01.730+0000")
}
{ 
    "_id" : ObjectId("5b166f1db88e1e20cc61f37b"), 
    "emp_id" : "PGF49886F", 
    "fname" : "Marla", 
    "minit" : "B", 
    "lname" : "Patrick", 
    "job_id" : NumberInt(7), 
    "job_lvl" : NumberInt(141), 
    "pub_id" : "8KJS", 
    "hire_date" : ISODate("2006-11-29T10:13:39.400+0000")
}
{ 
    "_id" : ObjectId("5b166f1db88e1e20cc61f37c"), 
    "emp_id" : "TVZ35546M", 
    "fname" : "Danielle", 
    "minit" : "L", 
    "lname" : "Payne", 
    "job_id" : NumberInt(14), 
    "job_lvl" : NumberInt(201), 
    "pub_id" : "H81C", 
    "hire_date" : ISODate("2003-11-21T11:52:41.630+0000")
}
{ 
    "_id" : ObjectId("5b166f1db88e1e20cc61f37d"), 
    "emp_id" : "FQS91297M", 
    "fname" : "Jared", 
    "minit" : " ", 
    "lname" : "Peck", 
    "job_id" : NumberInt(7), 
    "job_lvl" : NumberInt(209), 
    "pub_id" : "MPJZ", 
    "hire_date" : ISODate("2010-08-30T10:20:57.610+0000")
}
{ 
    "_id" : ObjectId("5b166f1db88e1e20cc61f37e"), 
    "emp_id" : "GQD18214M", 
    "fname" : "Bobbie", 
    "minit" : "U", 
    "lname" : "Perry", 
    "job_id" : NumberInt(8), 
    "job_lvl" : NumberInt(233), 
    "pub_id" : "A33C", 
    "hire_date" : ISODate("2008-11-16T08:37:01.360+0000")
}
{ 
    "_id" : ObjectId("5b166f1db88e1e20cc61f37f"), 
    "emp_id" : "TRG90019M", 
    "fname" : "Orlando", 
    "minit" : "C", 
    "lname" : "Phillips", 
    "job_id" : NumberInt(5), 
    "job_lvl" : NumberInt(99), 
    "pub_id" : "5242", 
    "hire_date" : ISODate("2008-12-03T23:48:45.890+0000")
}
{ 
    "_id" : ObjectId("5b166f1db88e1e20cc61f380"), 
    "emp_id" : "BGK61156F", 
    "fname" : "Ralph", 
    "minit" : "O", 
    "lname" : "Pierce", 
    "job_id" : NumberInt(10), 
    "job_lvl" : NumberInt(130), 
    "pub_id" : "BKEZ", 
    "hire_date" : ISODate("2010-07-16T01:45:01.800+0000")
}
{ 
    "_id" : ObjectId("5b166f1db88e1e20cc61f381"), 
    "emp_id" : "IBN68783M", 
    "fname" : "Claude", 
    "minit" : " ", 
    "lname" : "Pineda", 
    "job_id" : NumberInt(1), 
    "job_lvl" : NumberInt(109), 
    "pub_id" : "KLZ1", 
    "hire_date" : ISODate("1998-10-25T11:05:29.720+0000")
}
{ 
    "_id" : ObjectId("5b166f1db88e1e20cc61f382"), 
    "emp_id" : "KOH60182F", 
    "fname" : "Kara", 
    "minit" : "P", 
    "lname" : "Price", 
    "job_id" : NumberInt(1), 
    "job_lvl" : NumberInt(72), 
    "pub_id" : "110S", 
    "hire_date" : ISODate("2005-03-13T14:58:44.280+0000")
}
{ 
    "_id" : ObjectId("5b166f1db88e1e20cc61f383"), 
    "emp_id" : "PIW84116F", 
    "fname" : "Tamika", 
    "minit" : "D", 
    "lname" : "Prince", 
    "job_id" : NumberInt(7), 
    "job_lvl" : NumberInt(58), 
    "pub_id" : "89JH", 
    "hire_date" : ISODate("2009-04-25T06:27:37.140+0000")
}
{ 
    "_id" : ObjectId("5b166f1db88e1e20cc61f384"), 
    "emp_id" : "SXF52634M", 
    "fname" : "Elisabeth", 
    "minit" : "T", 
    "lname" : "Ramirez", 
    "job_id" : NumberInt(4), 
    "job_lvl" : NumberInt(140), 
    "pub_id" : "4LRB", 
    "hire_date" : ISODate("1998-11-12T18:40:39.190+0000")
}
{ 
    "_id" : ObjectId("5b166f1db88e1e20cc61f385"), 
    "emp_id" : "PJG62357M", 
    "fname" : "Brett", 
    "minit" : " ", 
    "lname" : "Ramos", 
    "job_id" : NumberInt(14), 
    "job_lvl" : NumberInt(105), 
    "pub_id" : "HZTV", 
    "hire_date" : ISODate("2008-09-26T15:49:13.730+0000")
}
{ 
    "_id" : ObjectId("5b166f1db88e1e20cc61f386"), 
    "emp_id" : "AKM69585F", 
    "fname" : "Anne", 
    "minit" : " ", 
    "lname" : "Rangel", 
    "job_id" : NumberInt(2), 
    "job_lvl" : NumberInt(226), 
    "pub_id" : "1JJS", 
    "hire_date" : ISODate("1998-05-10T13:42:14.100+0000")
}
{ 
    "_id" : ObjectId("5b166f1db88e1e20cc61f387"), 
    "emp_id" : "YRL73066M", 
    "fname" : "Tonia", 
    "minit" : " ", 
    "lname" : "Riddle", 
    "job_id" : NumberInt(1), 
    "job_lvl" : NumberInt(161), 
    "pub_id" : "II35", 
    "hire_date" : ISODate("2002-04-28T19:39:30.590+0000")
}
{ 
    "_id" : ObjectId("5b166f1db88e1e20cc61f388"), 
    "emp_id" : "JEV64139F", 
    "fname" : "Austin", 
    "minit" : " ", 
    "lname" : "Riggs", 
    "job_id" : NumberInt(9), 
    "job_lvl" : NumberInt(27), 
    "pub_id" : "B5G8", 
    "hire_date" : ISODate("2002-01-22T08:42:47.910+0000")
}
{ 
    "_id" : ObjectId("5b166f1db88e1e20cc61f389"), 
    "emp_id" : "OXZ87373F", 
    "fname" : "Jonathan", 
    "minit" : "R", 
    "lname" : "Riley", 
    "job_id" : NumberInt(2), 
    "job_lvl" : NumberInt(88), 
    "pub_id" : "1O2A", 
    "hire_date" : ISODate("2005-03-15T08:47:08.180+0000")
}
{ 
    "_id" : ObjectId("5b166f1db88e1e20cc61f38a"), 
    "emp_id" : "MSA68390F", 
    "fname" : "Rodolfo", 
    "minit" : "N", 
    "lname" : "Riley", 
    "job_id" : NumberInt(10), 
    "job_lvl" : NumberInt(191), 
    "pub_id" : "BLYJ", 
    "hire_date" : ISODate("2002-03-23T07:57:54.430+0000")
}
{ 
    "_id" : ObjectId("5b166f1db88e1e20cc61f38b"), 
    "emp_id" : "WKO26351M", 
    "fname" : "Tia", 
    "minit" : "R", 
    "lname" : "Rivas", 
    "job_id" : NumberInt(13), 
    "job_lvl" : NumberInt(27), 
    "pub_id" : "FOHE", 
    "hire_date" : ISODate("2007-12-14T01:09:49.980+0000")
}
{ 
    "_id" : ObjectId("5b166f1db88e1e20cc61f38c"), 
    "emp_id" : "CUI30445F", 
    "fname" : "Martha", 
    "minit" : "H", 
    "lname" : "Rivers", 
    "job_id" : NumberInt(9), 
    "job_lvl" : NumberInt(116), 
    "pub_id" : "ALY9", 
    "hire_date" : ISODate("1998-07-16T14:03:33.160+0000")
}
{ 
    "_id" : ObjectId("5b166f1db88e1e20cc61f38d"), 
    "emp_id" : "UNI43669F", 
    "fname" : "Roman", 
    "minit" : " ", 
    "lname" : "Roach", 
    "job_id" : NumberInt(12), 
    "job_lvl" : NumberInt(12), 
    "pub_id" : "EO30", 
    "hire_date" : ISODate("2003-11-03T16:50:57.810+0000")
}
{ 
    "_id" : ObjectId("5b166f1db88e1e20cc61f38e"), 
    "emp_id" : "TZB55318F", 
    "fname" : "Felicia", 
    "minit" : "Y", 
    "lname" : "Rocha", 
    "job_id" : NumberInt(3), 
    "job_lvl" : NumberInt(201), 
    "pub_id" : "37RD", 
    "hire_date" : ISODate("2010-06-22T18:47:15.140+0000")
}
{ 
    "_id" : ObjectId("5b166f1db88e1e20cc61f38f"), 
    "emp_id" : "YOD81046F", 
    "fname" : "Candy", 
    "minit" : "N", 
    "lname" : "Rodgers", 
    "job_id" : NumberInt(4), 
    "job_lvl" : NumberInt(211), 
    "pub_id" : "KNUS", 
    "hire_date" : ISODate("2001-11-01T03:00:38.670+0000")
}
{ 
    "_id" : ObjectId("5b166f1db88e1e20cc61f390"), 
    "emp_id" : "LTM56672F", 
    "fname" : "Jack", 
    "minit" : " ", 
    "lname" : "Rodriguez", 
    "job_id" : NumberInt(5), 
    "job_lvl" : NumberInt(50), 
    "pub_id" : "5U5B", 
    "hire_date" : ISODate("2003-11-07T00:16:48.080+0000")
}
{ 
    "_id" : ObjectId("5b166f1db88e1e20cc61f391"), 
    "emp_id" : "RXA45639F", 
    "fname" : "Tyler", 
    "minit" : " ", 
    "lname" : "Rojas", 
    "job_id" : NumberInt(5), 
    "job_lvl" : NumberInt(59), 
    "pub_id" : "J886", 
    "hire_date" : ISODate("1999-02-16T23:34:05.290+0000")
}
{ 
    "_id" : ObjectId("5b166f1db88e1e20cc61f392"), 
    "emp_id" : "XKG44419F", 
    "fname" : "Joni", 
    "minit" : "L", 
    "lname" : "Roy", 
    "job_id" : NumberInt(14), 
    "job_lvl" : NumberInt(245), 
    "pub_id" : "HXOM", 
    "hire_date" : ISODate("2002-06-17T00:16:31.650+0000")
}
{ 
    "_id" : ObjectId("5b166f1db88e1e20cc61f393"), 
    "emp_id" : "OUH62100F", 
    "fname" : "Tiffany", 
    "minit" : " ", 
    "lname" : "Roy", 
    "job_id" : NumberInt(11), 
    "job_lvl" : NumberInt(195), 
    "pub_id" : "DIN6", 
    "hire_date" : ISODate("2011-08-23T00:52:13.530+0000")
}
{ 
    "_id" : ObjectId("5b166f1db88e1e20cc61f394"), 
    "emp_id" : "MHU33433F", 
    "fname" : "Ricardo", 
    "minit" : " ", 
    "lname" : "Salas", 
    "job_id" : NumberInt(12), 
    "job_lvl" : NumberInt(81), 
    "pub_id" : "FCUL", 
    "hire_date" : ISODate("2012-11-28T17:04:44.070+0000")
}
{ 
    "_id" : ObjectId("5b166f1db88e1e20cc61f395"), 
    "emp_id" : "WQB11324M", 
    "fname" : "Megan", 
    "minit" : " ", 
    "lname" : "Salazar", 
    "job_id" : NumberInt(12), 
    "job_lvl" : NumberInt(250), 
    "pub_id" : "E5A8", 
    "hire_date" : ISODate("2008-09-27T23:52:38.730+0000")
}
{ 
    "_id" : ObjectId("5b166f1db88e1e20cc61f396"), 
    "emp_id" : "NCL86375F", 
    "fname" : "Pamela", 
    "minit" : "H", 
    "lname" : "Sanchez", 
    "job_id" : NumberInt(10), 
    "job_lvl" : NumberInt(238), 
    "pub_id" : "BQIL", 
    "hire_date" : ISODate("2010-06-03T13:27:42.220+0000")
}
{ 
    "_id" : ObjectId("5b166f1db88e1e20cc61f397"), 
    "emp_id" : "V-S94725F", 
    "fname" : "Alexander", 
    "minit" : " ", 
    "lname" : "Sanford", 
    "job_id" : NumberInt(3), 
    "job_lvl" : NumberInt(58), 
    "pub_id" : "2BVB", 
    "hire_date" : ISODate("2006-07-06T12:19:45.820+0000")
}
{ 
    "_id" : ObjectId("5b166f1db88e1e20cc61f398"), 
    "emp_id" : "ZSM64518F", 
    "fname" : "Margaret", 
    "minit" : "L", 
    "lname" : "Santana", 
    "job_id" : NumberInt(10), 
    "job_lvl" : NumberInt(231), 
    "pub_id" : "CCB5", 
    "hire_date" : ISODate("1999-07-11T23:29:25.270+0000")
}
{ 
    "_id" : ObjectId("5b166f1db88e1e20cc61f399"), 
    "emp_id" : "UJZ25113F", 
    "fname" : "Vincent", 
    "minit" : " ", 
    "lname" : "Santiago", 
    "job_id" : NumberInt(9), 
    "job_lvl" : NumberInt(145), 
    "pub_id" : "KD4I", 
    "hire_date" : ISODate("2010-07-04T05:54:48.540+0000")
}
{ 
    "_id" : ObjectId("5b166f1db88e1e20cc61f39a"), 
    "emp_id" : "PIT21046F", 
    "fname" : "Juanita", 
    "minit" : " ", 
    "lname" : "Santos", 
    "job_id" : NumberInt(1), 
    "job_lvl" : NumberInt(3), 
    "pub_id" : "08SV", 
    "hire_date" : ISODate("2009-03-02T20:11:44.840+0000")
}
{ 
    "_id" : ObjectId("5b166f1db88e1e20cc61f39b"), 
    "emp_id" : "QFV42729M", 
    "fname" : "Malcolm", 
    "minit" : "W", 
    "lname" : "Schneider", 
    "job_id" : NumberInt(2), 
    "job_lvl" : NumberInt(234), 
    "pub_id" : "1Y2O", 
    "hire_date" : ISODate("2006-06-03T04:08:01.140+0000")
}
{ 
    "_id" : ObjectId("5b166f1db88e1e20cc61f39c"), 
    "emp_id" : "XJJ36960M", 
    "fname" : "Wanda", 
    "minit" : " ", 
    "lname" : "Schroeder", 
    "job_id" : NumberInt(9), 
    "job_lvl" : NumberInt(118), 
    "pub_id" : "LA93", 
    "hire_date" : ISODate("2005-03-11T05:25:29.620+0000")
}
{ 
    "_id" : ObjectId("5b166f1db88e1e20cc61f39d"), 
    "emp_id" : "GYE18040M", 
    "fname" : "Yvette", 
    "minit" : "T", 
    "lname" : "Schroeder", 
    "job_id" : NumberInt(5), 
    "job_lvl" : NumberInt(212), 
    "pub_id" : "5TR2", 
    "hire_date" : ISODate("2001-02-11T20:15:07.380+0000")
}
{ 
    "_id" : ObjectId("5b166f1db88e1e20cc61f39e"), 
    "emp_id" : "XRN48561M", 
    "fname" : "Herman", 
    "minit" : " ", 
    "lname" : "Serrano", 
    "job_id" : NumberInt(10), 
    "job_lvl" : NumberInt(114), 
    "pub_id" : "C730", 
    "hire_date" : ISODate("2003-03-31T17:38:42.100+0000")
}
{ 
    "_id" : ObjectId("5b166f1db88e1e20cc61f39f"), 
    "emp_id" : "UWU76174M", 
    "fname" : "Irma", 
    "minit" : " ", 
    "lname" : "Shannon", 
    "job_id" : NumberInt(6), 
    "job_lvl" : NumberInt(237), 
    "pub_id" : "7A0P", 
    "hire_date" : ISODate("2000-05-19T03:53:30.270+0000")
}
{ 
    "_id" : ObjectId("5b166f1db88e1e20cc61f3a0"), 
    "emp_id" : "ZTP64136M", 
    "fname" : "Cari", 
    "minit" : "N", 
    "lname" : "Sharp", 
    "job_id" : NumberInt(4), 
    "job_lvl" : NumberInt(153), 
    "pub_id" : "ICTW", 
    "hire_date" : ISODate("2010-05-19T21:35:04.230+0000")
}
{ 
    "_id" : ObjectId("5b166f1db88e1e20cc61f3a1"), 
    "emp_id" : "VXD90925F", 
    "fname" : "Norma", 
    "minit" : "P", 
    "lname" : "Sharp", 
    "job_id" : NumberInt(14), 
    "job_lvl" : NumberInt(69), 
    "pub_id" : "INB9", 
    "hire_date" : ISODate("2000-07-28T13:46:20.260+0000")
}
{ 
    "_id" : ObjectId("5b166f1db88e1e20cc61f3a2"), 
    "emp_id" : "DJU74606M", 
    "fname" : "Garry", 
    "minit" : " ", 
    "lname" : "Shea", 
    "job_id" : NumberInt(1), 
    "job_lvl" : NumberInt(167), 
    "pub_id" : "0GI3", 
    "hire_date" : ISODate("2002-09-28T19:36:29.520+0000")
}
{ 
    "_id" : ObjectId("5b166f1db88e1e20cc61f3a3"), 
    "emp_id" : "RTX37026M", 
    "fname" : "Kellie", 
    "minit" : "M", 
    "lname" : "Shea", 
    "job_id" : NumberInt(6), 
    "job_lvl" : NumberInt(28), 
    "pub_id" : "7KXJ", 
    "hire_date" : ISODate("2001-07-18T19:35:20.180+0000")
}
{ 
    "_id" : ObjectId("5b166f1db88e1e20cc61f3a4"), 
    "emp_id" : "NVY77249F", 
    "fname" : "Ivan", 
    "minit" : "P", 
    "lname" : "Shepherd", 
    "job_id" : NumberInt(8), 
    "job_lvl" : NumberInt(165), 
    "pub_id" : "9GQY", 
    "hire_date" : ISODate("2009-09-09T08:59:36.700+0000")
}
{ 
    "_id" : ObjectId("5b166f1db88e1e20cc61f3a5"), 
    "emp_id" : "DAS30767M", 
    "fname" : "Raquel", 
    "minit" : "B", 
    "lname" : "Sherman", 
    "job_id" : NumberInt(7), 
    "job_lvl" : NumberInt(50), 
    "pub_id" : "88E0", 
    "hire_date" : ISODate("2012-07-25T02:55:59.960+0000")
}
{ 
    "_id" : ObjectId("5b166f1db88e1e20cc61f3a6"), 
    "emp_id" : "SBO52672F", 
    "fname" : "Kerrie", 
    "minit" : " ", 
    "lname" : "Silva", 
    "job_id" : NumberInt(8), 
    "job_lvl" : NumberInt(71), 
    "pub_id" : "A81I", 
    "hire_date" : ISODate("2003-03-06T03:33:53.060+0000")
}
{ 
    "_id" : ObjectId("5b166f1db88e1e20cc61f3a7"), 
    "emp_id" : "SWD98420M", 
    "fname" : "Brett", 
    "minit" : " ", 
    "lname" : "Simpson", 
    "job_id" : NumberInt(2), 
    "job_lvl" : NumberInt(123), 
    "pub_id" : "157K", 
    "hire_date" : ISODate("2010-03-27T11:21:41.140+0000")
}
{ 
    "_id" : ObjectId("5b166f1db88e1e20cc61f3a8"), 
    "emp_id" : "IVA37153M", 
    "fname" : "Holly", 
    "minit" : "O", 
    "lname" : "Simpson", 
    "job_id" : NumberInt(4), 
    "job_lvl" : NumberInt(252), 
    "pub_id" : "48S9", 
    "hire_date" : ISODate("2010-06-04T15:11:24.550+0000")
}
{ 
    "_id" : ObjectId("5b166f1db88e1e20cc61f3a9"), 
    "emp_id" : "QCO96312M", 
    "fname" : "Alan", 
    "minit" : " ", 
    "lname" : "Singh", 
    "job_id" : NumberInt(7), 
    "job_lvl" : NumberInt(102), 
    "pub_id" : "802C", 
    "hire_date" : ISODate("2004-01-21T01:28:21.020+0000")
}
{ 
    "_id" : ObjectId("5b166f1db88e1e20cc61f3aa"), 
    "emp_id" : "JGX15267F", 
    "fname" : "Christine", 
    "minit" : " ", 
    "lname" : "Skinner", 
    "job_id" : NumberInt(8), 
    "job_lvl" : NumberInt(148), 
    "pub_id" : "KNNU", 
    "hire_date" : ISODate("2006-09-29T17:30:55.370+0000")
}
{ 
    "_id" : ObjectId("5b166f1db88e1e20cc61f3ab"), 
    "emp_id" : "CUA72540F", 
    "fname" : "Angelique", 
    "minit" : "I", 
    "lname" : "Small", 
    "job_id" : NumberInt(13), 
    "job_lvl" : NumberInt(8), 
    "pub_id" : "G27L", 
    "hire_date" : ISODate("2003-09-15T04:02:11.280+0000")
}
{ 
    "_id" : ObjectId("5b166f1db88e1e20cc61f3ac"), 
    "emp_id" : "WMW86924F", 
    "fname" : "Mandi", 
    "minit" : "Z", 
    "lname" : "Small", 
    "job_id" : NumberInt(5), 
    "job_lvl" : NumberInt(143), 
    "pub_id" : "4TAF", 
    "hire_date" : ISODate("2004-08-05T19:44:18.180+0000")
}
{ 
    "_id" : ObjectId("5b166f1db88e1e20cc61f3ad"), 
    "emp_id" : "GEF98883F", 
    "fname" : "Janelle", 
    "minit" : " ", 
    "lname" : "Steele", 
    "job_id" : NumberInt(7), 
    "job_lvl" : NumberInt(189), 
    "pub_id" : "8VR4", 
    "hire_date" : ISODate("2000-03-15T00:26:22.620+0000")
}
{ 
    "_id" : ObjectId("5b166f1db88e1e20cc61f3ae"), 
    "emp_id" : "YFI99754M", 
    "fname" : "Norma", 
    "minit" : " ", 
    "lname" : "Stein", 
    "job_id" : NumberInt(14), 
    "job_lvl" : NumberInt(247), 
    "pub_id" : "HK5H", 
    "hire_date" : ISODate("2001-03-25T18:00:24.650+0000")
}
{ 
    "_id" : ObjectId("5b166f1db88e1e20cc61f3af"), 
    "emp_id" : "JHX72583F", 
    "fname" : "Casey", 
    "minit" : "S", 
    "lname" : "Stephens", 
    "job_id" : NumberInt(3), 
    "job_lvl" : NumberInt(130), 
    "pub_id" : "35AY", 
    "hire_date" : ISODate("2010-07-11T08:03:56.040+0000")
}
{ 
    "_id" : ObjectId("5b166f1db88e1e20cc61f3b0"), 
    "emp_id" : "PSJ28199M", 
    "fname" : "Guillermo", 
    "minit" : "X", 
    "lname" : "Stewart", 
    "job_id" : NumberInt(2), 
    "job_lvl" : NumberInt(106), 
    "pub_id" : "1F1U", 
    "hire_date" : ISODate("2009-08-12T22:56:31.590+0000")
}
{ 
    "_id" : ObjectId("5b166f1db88e1e20cc61f3b1"), 
    "emp_id" : "EJW45359M", 
    "fname" : "Jasmine", 
    "minit" : " ", 
    "lname" : "Stewart", 
    "job_id" : NumberInt(5), 
    "job_lvl" : NumberInt(219), 
    "pub_id" : "4ZJ1", 
    "hire_date" : ISODate("2007-12-06T00:19:40.500+0000")
}
{ 
    "_id" : ObjectId("5b166f1db88e1e20cc61f3b2"), 
    "emp_id" : "BZM87385F", 
    "fname" : "Jeffrey", 
    "minit" : "M", 
    "lname" : "Suarez", 
    "job_id" : NumberInt(3), 
    "job_lvl" : NumberInt(106), 
    "pub_id" : "2O4R", 
    "hire_date" : ISODate("2000-08-08T19:28:05.530+0000")
}
{ 
    "_id" : ObjectId("5b166f1db88e1e20cc61f3b3"), 
    "emp_id" : "OIE91250M", 
    "fname" : "Drew", 
    "minit" : "A", 
    "lname" : "Summers", 
    "job_id" : NumberInt(13), 
    "job_lvl" : NumberInt(108), 
    "pub_id" : "GNW5", 
    "hire_date" : ISODate("2002-08-02T07:24:43.570+0000")
}
{ 
    "_id" : ObjectId("5b166f1db88e1e20cc61f3b4"), 
    "emp_id" : "PAE59725M", 
    "fname" : "Kim", 
    "minit" : " ", 
    "lname" : "Summers", 
    "job_id" : NumberInt(1), 
    "job_lvl" : NumberInt(61), 
    "pub_id" : "0HKY", 
    "hire_date" : ISODate("2012-01-28T14:16:23.600+0000")
}
{ 
    "_id" : ObjectId("5b166f1db88e1e20cc61f3b5"), 
    "emp_id" : "HWE42962F", 
    "fname" : "Joy", 
    "minit" : " ", 
    "lname" : "Sweeney", 
    "job_id" : NumberInt(2), 
    "job_lvl" : NumberInt(210), 
    "pub_id" : "1ROH", 
    "hire_date" : ISODate("1998-10-03T13:42:22.480+0000")
}
{ 
    "_id" : ObjectId("5b166f1db88e1e20cc61f3b6"), 
    "emp_id" : "QDY50321F", 
    "fname" : "Suzanne", 
    "minit" : " ", 
    "lname" : "Sweeney", 
    "job_id" : NumberInt(2), 
    "job_lvl" : NumberInt(188), 
    "pub_id" : "1RBE", 
    "hire_date" : ISODate("2011-03-16T23:01:40.600+0000")
}
{ 
    "_id" : ObjectId("5b166f1db88e1e20cc61f3b7"), 
    "emp_id" : "LBC26224M", 
    "fname" : "Joanna", 
    "minit" : " ", 
    "lname" : "Terrell", 
    "job_id" : NumberInt(7), 
    "job_lvl" : NumberInt(244), 
    "pub_id" : "8WPF", 
    "hire_date" : ISODate("2012-06-30T09:19:26.400+0000")
}
{ 
    "_id" : ObjectId("5b166f1db88e1e20cc61f3b8"), 
    "emp_id" : "QEI36951M", 
    "fname" : "Marcus", 
    "minit" : " ", 
    "lname" : "Terrell", 
    "job_id" : NumberInt(10), 
    "job_lvl" : NumberInt(76), 
    "pub_id" : "CAFP", 
    "hire_date" : ISODate("2007-11-04T01:48:29.670+0000")
}
{ 
    "_id" : ObjectId("5b166f1db88e1e20cc61f3b9"), 
    "emp_id" : "HZJ86029F", 
    "fname" : "Kara", 
    "minit" : " ", 
    "lname" : "Terry", 
    "job_id" : NumberInt(13), 
    "job_lvl" : NumberInt(201), 
    "pub_id" : "G4P7", 
    "hire_date" : ISODate("2001-08-02T18:24:28.110+0000")
}
{ 
    "_id" : ObjectId("5b166f1db88e1e20cc61f3ba"), 
    "emp_id" : "PNT15279M", 
    "fname" : "Terence", 
    "minit" : " ", 
    "lname" : "Thompson", 
    "job_id" : NumberInt(13), 
    "job_lvl" : NumberInt(220), 
    "pub_id" : "FJW3", 
    "hire_date" : ISODate("2008-07-02T23:29:25.290+0000")
}
{ 
    "_id" : ObjectId("5b166f1db88e1e20cc61f3bb"), 
    "emp_id" : "ADE44581F", 
    "fname" : "Eric", 
    "minit" : "R", 
    "lname" : "Todd", 
    "job_id" : NumberInt(12), 
    "job_lvl" : NumberInt(169), 
    "pub_id" : "EALI", 
    "hire_date" : ISODate("2011-07-03T22:53:25.570+0000")
}
{ 
    "_id" : ObjectId("5b166f1db88e1e20cc61f3bc"), 
    "emp_id" : "JQS42611F", 
    "fname" : "Sonja", 
    "minit" : " ", 
    "lname" : "Torres", 
    "job_id" : NumberInt(8), 
    "job_lvl" : NumberInt(149), 
    "pub_id" : "96V9", 
    "hire_date" : ISODate("1999-10-21T22:44:12.980+0000")
}
{ 
    "_id" : ObjectId("5b166f1db88e1e20cc61f3bd"), 
    "emp_id" : "POM85662F", 
    "fname" : "Valerie", 
    "minit" : "G", 
    "lname" : "Trujillo", 
    "job_id" : NumberInt(10), 
    "job_lvl" : NumberInt(190), 
    "pub_id" : "C7N1", 
    "hire_date" : ISODate("2012-09-23T05:32:26.000+0000")
}
{ 
    "_id" : ObjectId("5b166f1db88e1e20cc61f3be"), 
    "emp_id" : "QRL12294F", 
    "fname" : "Belinda", 
    "minit" : "I", 
    "lname" : "Turner", 
    "job_id" : NumberInt(9), 
    "job_lvl" : NumberInt(106), 
    "pub_id" : "IZKN", 
    "hire_date" : ISODate("2009-10-17T12:27:15.810+0000")
}
{ 
    "_id" : ObjectId("5b166f1db88e1e20cc61f3bf"), 
    "emp_id" : "FIX94355F", 
    "fname" : "Erica", 
    "minit" : "R", 
    "lname" : "Vaughan", 
    "job_id" : NumberInt(8), 
    "job_lvl" : NumberInt(13), 
    "pub_id" : "A428", 
    "hire_date" : ISODate("2002-01-16T10:39:54.820+0000")
}
{ 
    "_id" : ObjectId("5b166f1db88e1e20cc61f3c0"), 
    "emp_id" : "AAG68427M", 
    "fname" : "Mario", 
    "minit" : " ", 
    "lname" : "Vaughn", 
    "job_id" : NumberInt(9), 
    "job_lvl" : NumberInt(85), 
    "pub_id" : "JGGR", 
    "hire_date" : ISODate("2003-01-17T00:30:20.530+0000")
}
{ 
    "_id" : ObjectId("5b166f1db88e1e20cc61f3c1"), 
    "emp_id" : "QHR23745M", 
    "fname" : "Jeffrey", 
    "minit" : "K", 
    "lname" : "Vazquez", 
    "job_id" : NumberInt(8), 
    "job_lvl" : NumberInt(193), 
    "pub_id" : "A40U", 
    "hire_date" : ISODate("2000-10-01T12:48:04.910+0000")
}
{ 
    "_id" : ObjectId("5b166f1db88e1e20cc61f3c2"), 
    "emp_id" : "YUJ58965M", 
    "fname" : "Paula", 
    "minit" : "L", 
    "lname" : "Villarreal", 
    "job_id" : NumberInt(14), 
    "job_lvl" : null, 
    "pub_id" : "I132", 
    "hire_date" : ISODate("1999-05-30T16:39:30.130+0000")
}
{ 
    "_id" : ObjectId("5b166f1db88e1e20cc61f3c3"), 
    "emp_id" : "QPX75541M", 
    "fname" : "Blake", 
    "minit" : " ", 
    "lname" : "Wade", 
    "job_id" : NumberInt(7), 
    "job_lvl" : NumberInt(238), 
    "pub_id" : "8UA2", 
    "hire_date" : ISODate("2006-07-03T22:49:07.770+0000")
}
{ 
    "_id" : ObjectId("5b166f1db88e1e20cc61f3c4"), 
    "emp_id" : "XUN83259F", 
    "fname" : "Brandi", 
    "minit" : "M", 
    "lname" : "Walls", 
    "job_id" : NumberInt(8), 
    "job_lvl" : NumberInt(74), 
    "pub_id" : "L0VH", 
    "hire_date" : ISODate("2009-09-20T17:50:20.740+0000")
}
{ 
    "_id" : ObjectId("5b166f1db88e1e20cc61f3c5"), 
    "emp_id" : "RIC33362F", 
    "fname" : "Cory", 
    "minit" : " ", 
    "lname" : "Walter", 
    "job_id" : NumberInt(14), 
    "job_lvl" : NumberInt(125), 
    "pub_id" : "GU8X", 
    "hire_date" : ISODate("2002-11-28T09:51:45.710+0000")
}
{ 
    "_id" : ObjectId("5b166f1db88e1e20cc61f3c6"), 
    "emp_id" : "LYL71418F", 
    "fname" : "Kyle", 
    "minit" : "N", 
    "lname" : "Watkins", 
    "job_id" : NumberInt(6), 
    "job_lvl" : NumberInt(9), 
    "pub_id" : "7IAO", 
    "hire_date" : ISODate("2010-10-11T15:50:28.260+0000")
}
{ 
    "_id" : ObjectId("5b166f1db88e1e20cc61f3c7"), 
    "emp_id" : "VXU43376M", 
    "fname" : "Rachael", 
    "minit" : "W", 
    "lname" : "Weaver", 
    "job_id" : NumberInt(10), 
    "job_lvl" : NumberInt(142), 
    "pub_id" : "BYZO", 
    "hire_date" : ISODate("2012-01-17T14:00:02.650+0000")
}
{ 
    "_id" : ObjectId("5b166f1db88e1e20cc61f3c8"), 
    "emp_id" : "GEF54554F", 
    "fname" : "Jessica", 
    "minit" : " ", 
    "lname" : "Wells", 
    "job_id" : NumberInt(5), 
    "job_lvl" : NumberInt(207), 
    "pub_id" : "5QIT", 
    "hire_date" : ISODate("2005-05-19T03:33:31.460+0000")
}
{ 
    "_id" : ObjectId("5b166f1db88e1e20cc61f3c9"), 
    "emp_id" : "WCR96181F", 
    "fname" : "Andrea", 
    "minit" : "C", 
    "lname" : "Whitehead", 
    "job_id" : NumberInt(12), 
    "job_lvl" : NumberInt(30), 
    "pub_id" : "JSN5", 
    "hire_date" : ISODate("2005-09-22T22:53:17.880+0000")
}
{ 
    "_id" : ObjectId("5b166f1db88e1e20cc61f3ca"), 
    "emp_id" : "S-Y44688F", 
    "fname" : "Miguel", 
    "minit" : "V", 
    "lname" : "Wiggins", 
    "job_id" : NumberInt(14), 
    "job_lvl" : NumberInt(15), 
    "pub_id" : "HIWC", 
    "hire_date" : ISODate("2005-03-30T00:56:31.140+0000")
}
{ 
    "_id" : ObjectId("5b166f1db88e1e20cc61f3cb"), 
    "emp_id" : "EGH72304F", 
    "fname" : "Wesley", 
    "minit" : "X", 
    "lname" : "Wilkerson", 
    "job_id" : NumberInt(13), 
    "job_lvl" : NumberInt(255), 
    "pub_id" : "G3UB", 
    "hire_date" : ISODate("2002-12-02T18:14:33.970+0000")
}
{ 
    "_id" : ObjectId("5b166f1db88e1e20cc61f3cc"), 
    "emp_id" : "NCW35976M", 
    "fname" : "Dwight", 
    "minit" : " ", 
    "lname" : "Wilkins", 
    "job_id" : NumberInt(11), 
    "job_lvl" : NumberInt(22), 
    "pub_id" : "CKPJ", 
    "hire_date" : ISODate("2007-08-29T13:32:58.850+0000")
}
{ 
    "_id" : ObjectId("5b166f1db88e1e20cc61f3cd"), 
    "emp_id" : "F-J28860F", 
    "fname" : "Katrina", 
    "minit" : "W", 
    "lname" : "Winters", 
    "job_id" : NumberInt(8), 
    "job_lvl" : NumberInt(25), 
    "pub_id" : "9UY8", 
    "hire_date" : ISODate("2005-04-03T08:44:04.700+0000")
}
{ 
    "_id" : ObjectId("5b166f1db88e1e20cc61f3ce"), 
    "emp_id" : "DOC82808M", 
    "fname" : "Freddie", 
    "minit" : " ", 
    "lname" : "Wise", 
    "job_id" : NumberInt(11), 
    "job_lvl" : NumberInt(215), 
    "pub_id" : "DTHH", 
    "hire_date" : ISODate("2001-07-13T00:30:56.400+0000")
}
{ 
    "_id" : ObjectId("5b166f1db88e1e20cc61f3cf"), 
    "emp_id" : "JYL73462M", 
    "fname" : "Hannah", 
    "minit" : "V", 
    "lname" : "Woodard", 
    "job_id" : NumberInt(8), 
    "job_lvl" : NumberInt(137), 
    "pub_id" : "970C", 
    "hire_date" : ISODate("2003-08-14T00:34:11.690+0000")
}
{ 
    "_id" : ObjectId("5b166f1db88e1e20cc61f3d0"), 
    "emp_id" : "PBE71728M", 
    "fname" : "Elisa", 
    "minit" : "U", 
    "lname" : "Woodward", 
    "job_id" : NumberInt(2), 
    "job_lvl" : NumberInt(123), 
    "pub_id" : "1B2T", 
    "hire_date" : ISODate("1999-06-05T17:53:32.910+0000")
}
{ 
    "_id" : ObjectId("5b166f1db88e1e20cc61f3d1"), 
    "emp_id" : "YEQ56296F", 
    "fname" : "Candice", 
    "minit" : " ", 
    "lname" : "Wright", 
    "job_id" : NumberInt(9), 
    "job_lvl" : NumberInt(136), 
    "pub_id" : "BERP", 
    "hire_date" : ISODate("1998-07-19T18:00:49.720+0000")
}
{ 
    "_id" : ObjectId("5b166f1db88e1e20cc61f3d2"), 
    "emp_id" : "EHK38030M", 
    "fname" : "Dexter", 
    "minit" : "Q", 
    "lname" : "Wright", 
    "job_id" : NumberInt(12), 
    "job_lvl" : NumberInt(134), 
    "pub_id" : "FC68", 
    "hire_date" : ISODate("1998-03-23T23:30:41.150+0000")
}
{ 
    "_id" : ObjectId("5b166f1db88e1e20cc61f3d3"), 
    "emp_id" : "FQM45158F", 
    "fname" : "Anthony", 
    "minit" : "L", 
    "lname" : "York", 
    "job_id" : NumberInt(2), 
    "job_lvl" : NumberInt(251), 
    "pub_id" : "2104", 
    "hire_date" : ISODate("2003-06-19T14:09:33.560+0000")
}
{ 
    "_id" : ObjectId("5b166f1db88e1e20cc61f3d4"), 
    "emp_id" : "TUD91650F", 
    "fname" : "Kent", 
    "minit" : " ", 
    "lname" : "Zavala", 
    "job_id" : NumberInt(6), 
    "job_lvl" : NumberInt(76), 
    "pub_id" : "656D", 
    "hire_date" : ISODate("2007-11-16T20:34:47.650+0000")
}
